"filename","Depth","run_id","ncomp","R2.cal","RMSE.cal","RPD.cal","RPIQ.cal","R2.val","RMSE.val","RPD.val","RPIQ.val","ME.val","MEC.val","CCC.val","training_time_sec"
"P_Olsen",15,1,30,0.314342527170746,22.8566298701971,1.20765397627784,1.33025816022184,0.258196115537436,27.4400954324275,1.16128885519713,1.05801298127744,-0.591478868508248,0.25784928750436,0.40963507392842,29.4901177883148
"P_Olsen",15,2,30,0.302711630212199,25.1299883626547,1.20663348086763,1.17915653490854,0.333663423920731,20.8910230036712,1.21835078228549,1.4551489661209,0.192450213196051,0.325739168059719,0.533078510950388,27.4673807621002
"P_Olsen",15,3,29,0.299001107069738,24.7535633453834,1.20685537313288,1.18775129017873,0.322413686483411,22.0868500501199,1.20638563385121,1.41389459810411,-0.0201058660515081,0.312297961843059,0.524655460163779,26.9378798007965
"P_Olsen",15,4,30,0.295725437186594,24.8575722816912,1.20372669402143,1.17189825980939,0.349228078341902,21.4651008866208,1.23613173789767,1.50502219605853,-0.356166270383615,0.344997269019842,0.541532862648693,24.7316436767578
"P_Olsen",15,5,30,0.34238764734078,22.1308817647636,1.23282722932014,1.41879038683371,0.211479045901742,28.8970832523367,1.12473332882615,0.94887036818094,-0.241943204970089,0.208823287398432,0.372597380598629,23.2119727134705
"P_Olsen",15,6,30,0.300264281605749,23.8476773678924,1.20701571222224,1.23402127368686,0.315379921017168,24.2862812670701,1.20706590970773,1.28280248661381,-0.876786049469336,0.313072890967864,0.494865119612667,25.3624761104584
"P_Olsen",15,7,30,0.306291425277778,24.3131862772974,1.20880768473618,1.21199830264598,0.291975249437227,23.4837695300579,1.18681062382627,1.3405226590521,-0.0296208490899514,0.289425244182685,0.473291579677779,24.997638463974
"P_Olsen",15,8,30,0.308020859727194,23.5716925466348,1.21402133033876,1.25397199804474,0.312127437223377,24.6516189997334,1.2048963514009,1.27571666693941,-1.06383729539714,0.310596876877376,0.468098457778534,23.7814574241638
"P_Olsen",15,9,30,0.318418983528218,23.5968699134517,1.22469583576065,1.28521873075681,0.296327692221716,24.3743128125516,1.19210083563114,1.23233899581088,-0.142887742669476,0.295717916663911,0.467776664828826,25.5181577205658
"P_Olsen",15,10,30,0.322933450554679,23.2157749891193,1.22596691031903,1.31964085258229,0.275171927670634,25.6078701174321,1.17362877853113,1.13180622469146,-1.00573138550489,0.273373680730431,0.442889854560948,26.4620854854584
"P_Olsen",15,11,30,0.301557633081439,25.4407512506582,1.20491437282338,1.21659681331931,0.339123001752277,20.2347171439083,1.20785140912306,1.41217835029646,1.6561864041589,0.313966056114207,0.551989684735539,24.5131659507751
"P_Olsen",15,12,30,0.312903642084105,24.3112812230703,1.21479939664162,1.20994266530413,0.291973286843204,23.2809089668881,1.18241955931344,1.34534585911345,0.610044253993701,0.284137826260599,0.485886622490582,23.7237901687622
"P_Olsen",15,13,30,0.322679501042425,23.3100304646212,1.22637869538766,1.25541473420273,0.288423956646593,25.113791833752,1.18478065169946,1.2584056236592,-0.260787687523508,0.286988197845619,0.463680845756609,24.3685598373413
"P_Olsen",15,14,30,0.313863162618143,25.0557904487934,1.21806652699573,1.20758199434323,0.29423398455689,21.2610800259765,1.17033858241001,1.41316229176933,1.37072081484786,0.269282379794202,0.506200671771092,25.1088182926178
"P_Olsen",15,15,30,0.311868381325242,24.246137996266,1.21628033598557,1.19224595704487,0.30951681228813,23.0444915700276,1.19875806329123,1.40091837465353,0.512436221157295,0.303518568822032,0.502221863790069,24.5267388820648
"P_Olsen",15,16,30,0.307138228797667,23.8612967331385,1.21089162112348,1.21906584228518,0.309185313697153,24.1907023996243,1.2016553395391,1.32033189641885,-0.124933965674626,0.30687305224566,0.492125116554651,24.2567708492279
"P_Olsen",15,17,30,0.308602475442331,24.6208311011743,1.2144539617726,1.22269763665956,0.330046275421529,21.8311989883331,1.2179630101355,1.39321656548752,0.227589484149732,0.325309760611842,0.522594919198831,23.7328364849091
"P_Olsen",15,18,30,0.313259970899469,23.8293686962984,1.21800554776033,1.24827076533591,0.315277698793029,23.8282197606068,1.20742317320087,1.31389310508872,-0.415106571817585,0.313479339471218,0.495893158922522,24.265661239624
"P_Olsen",15,19,30,0.308830323283881,24.356120270318,1.21293091888519,1.22618829963636,0.314987964830735,22.8221477015844,1.20551812934683,1.35127734046954,-0.710640441763485,0.311307849366493,0.501047432125965,24.7780604362488
"P_Olsen",15,20,30,0.296611945463884,25.0422939228538,1.20171913650903,1.19192928539026,0.331566342030808,21.4849274280803,1.21373985076793,1.43176432422088,0.344577298209371,0.32060647685933,0.535338395084758,24.3330781459808
"P_Olsen",15,21,30,0.302765409679709,24.5029663132213,1.20929558953604,1.23378851823698,0.329470183521332,22.3832492732842,1.21884494822459,1.33526188423736,0.414385892502255,0.326285799019473,0.517065747788835,22.8494427204132
"P_Olsen",15,22,30,0.290780998606818,24.6788422895662,1.19850035791934,1.24249869747594,0.344725430591318,22.2004093107312,1.23521697629735,1.3005249935209,0.315034794858507,0.344026762264617,0.52236410766261,20.9776134490967
"P_Olsen",15,23,30,0.337697601039578,21.9989930677893,1.22780980466155,1.3682274278304,0.234594291428164,28.895765939695,1.14282792914691,1.06317594640387,-0.891529362812344,0.233678634251453,0.386318374253245,20.6610231399536
"P_Olsen",15,24,30,0.324598273508931,22.6141723278103,1.21562150281354,1.29690409071186,0.232926766316193,28.1449674798338,1.13960565448892,1.11253182287155,-0.585453991817673,0.229338906873143,0.403318993070254,21.8664073944092
"P_Olsen",15,25,30,0.302319152562735,24.2912605997045,1.20787231973112,1.21478669988658,0.32844566071708,22.9828587415035,1.21851847977136,1.37555180060824,-1.081750148714,0.325924744343561,0.507150696757883,24.2221972942352
"P_Olsen",15,26,30,0.297493852114276,24.3958787466591,1.20234777879823,1.19179142108098,0.33000741017916,22.9769106253317,1.21994501311609,1.40578620323261,-0.10065929471805,0.327500272099789,0.516150527718048,23.1968770027161
"P_Olsen",15,27,29,0.300667766850764,24.7389746600397,1.20688491371363,1.22139350620732,0.335205281834429,21.8438576934633,1.22262138964495,1.37010928403713,1.00561228496065,0.330441317480209,0.524103035530413,26.0729246139526
"P_Olsen",15,28,30,0.295086902613217,25.1244807191189,1.20265637987386,1.18843883516679,0.339281836830795,21.0573836254253,1.22268669570073,1.45216053043163,0.370605731509012,0.330512840412571,0.540137955319044,24.9662892818451
"P_Olsen",15,29,30,0.340685524256783,21.6265790883522,1.23066332908758,1.37639486478155,0.208780766777008,30.036762053348,1.12436743942396,1.02478816193069,-0.537900090310412,0.208308277330066,0.352539557382079,23.7375814914703
"P_Olsen",15,30,30,0.329445541063811,21.7603326641094,1.21899203521841,1.36193308978592,0.249997762482282,29.4245711766036,1.15222880158695,1.07785667409209,-1.84708498057107,0.246132238643911,0.384069927196093,23.1051573753357
"P_Olsen",15,31,30,0.308753009911293,24.4355502100353,1.2118419823724,1.23196865801028,0.31184311610757,22.7445860974857,1.20189532482667,1.35054088007324,0.242557742234229,0.30714982121159,0.502407492166361,23.5759499073029
"P_Olsen",15,32,30,0.306949061668182,24.3262552059037,1.21142734371532,1.2620046464262,0.311275301522732,22.9923951075018,1.20448526457027,1.24908143608882,0.125755809989411,0.310126214569134,0.488947624067767,22.3974943161011
"P_Olsen",15,33,30,0.325921326854229,23.414413314898,1.22771575218477,1.26462195322911,0.270763585987621,25.1799236132265,1.1682028941079,1.22656246597098,-0.500994345066179,0.266608166951894,0.452537122784497,21.381320476532
"P_Olsen",15,34,30,0.309507648645035,24.8212156683727,1.21272300675791,1.21704933809878,0.316772542173902,21.7116720193064,1.20001515277404,1.37625533737934,0.49341758480128,0.304977018558138,0.520325675115125,23.0346541404724
"P_Olsen",15,35,30,0.311690870897538,22.6408761358656,1.20457268581217,1.31877803759993,0.27163512522155,27.7561678004619,1.17138767745124,1.09245494435638,-0.846943692481948,0.270590655383178,0.417756537123471,23.3506467342377
"P_Olsen",15,36,30,0.297002534415711,24.7632130300931,1.2038890811434,1.17463502674922,0.353675255633448,21.573789359969,1.24316035202576,1.44052162123477,-0.813022463814282,0.352382876202345,0.530006702522869,23.2191617488861
"P_Olsen",15,37,30,0.311449741793629,24.0567900427386,1.2164613983978,1.28116485803986,0.300290659611017,23.632429349261,1.1931765153895,1.21564719713838,0.231373173972787,0.296987201604554,0.485326874903451,23.1028597354889
"P_Olsen",15,38,30,0.318445103092784,22.8030551625799,1.21178450783896,1.33079841203904,0.253510166702545,27.4961101634,1.15687904534481,1.08196117189695,-0.99408889174034,0.25218062043871,0.412892582884691,23.0831174850464
"P_Olsen",15,39,30,0.293206536950711,25.0425357981206,1.20045846832366,1.23315538206469,0.334850260488959,21.4145229936461,1.22004796199231,1.35437244077795,1.02011642675953,0.327613759720641,0.529650578752449,23.1272761821747
"P_Olsen",15,40,30,0.311658802642302,24.3280672562797,1.2149688452366,1.27036047189579,0.306764205951196,22.9399273926597,1.19759209157059,1.24386688922696,0.81319368497634,0.302161724573489,0.493946098915872,23.1170024871826
"P_Olsen",15,41,30,0.311654845663205,24.3465379422866,1.2143716466733,1.23527648453723,0.310044051444986,22.9373075225726,1.19687140024502,1.30341724701465,0.873122894666726,0.301321070499734,0.506776337072928,23.4265971183777
"P_Olsen",15,42,30,0.315871690380235,23.777695428442,1.21896671417977,1.27679694574965,0.288038626263842,24.3757743698221,1.18407415067339,1.20037306327485,-0.526924453744576,0.286137079098085,0.46424541817803,23.3277099132538
"P_Olsen",15,43,30,0.315143601560309,22.6255033200029,1.20824803726951,1.27570221938366,0.256564056316748,27.9026693988911,1.16011190755132,1.15180332535773,-0.466751347685596,0.256342681801109,0.410019503770258,22.9123239517212
"P_Olsen",15,44,30,0.297528513471291,24.3387067493861,1.20544413113546,1.18890786589266,0.32870875044667,22.9534102968906,1.21957883229742,1.40848710635297,-0.587699747066357,0.327096372878384,0.508673202458437,23.0536804199219
"P_Olsen",15,45,30,0.309166333432553,23.8421976032976,1.21574948515245,1.23027391551956,0.303871677228753,24.138974503597,1.1952705886326,1.31048366906747,-0.674474387967152,0.2994483526065,0.491224731048455,23.0271434783936
"P_Olsen",15,46,30,0.291696059639127,25.2769412132246,1.19590955159321,1.18897842292232,0.349478490252816,20.7968690101826,1.23562071772006,1.46201366465851,1.11682300936062,0.344455373237861,0.538569354104491,22.9185564517975
"P_Olsen",15,47,30,0.286544399889351,25.9424012691651,1.19377086142848,1.17322891524989,0.399748937300876,18.5448749798053,1.26928239685409,1.5974516197742,1.50900022331416,0.378764720575521,0.608049520661246,22.3889443874359
"P_Olsen",15,48,30,0.303081321559654,24.4624453558343,1.20829852135687,1.221940037686,0.32206227096699,22.7014772882361,1.2101622199322,1.37037293784933,-0.67500326025011,0.316583525182152,0.514199972672225,21.9939227104187
"P_Olsen",15,49,30,0.313651063564524,23.3566637371788,1.20615881968356,1.27702837338543,0.260132418674337,26.4269264308092,1.16114753193699,1.14457781646285,-0.392584651668062,0.257668622191849,0.433990095256364,21.7795448303223
"P_Olsen",15,50,29,0.298293656261095,25.1938148569538,1.20369235342713,1.19708835566344,0.325878486772049,21.0147455416172,1.21053589216783,1.4338379337179,1.319287020896,0.317005378592452,0.520543026869718,22.4420187473297
"P_Olsen",30,1,30,0.214910762585,18.0963903497945,1.12960176817431,0.77197837551944,0.214357011047025,17.2622690768623,1.11680720373659,0.757432692757942,0.0968651794144281,0.197044819850474,0.40671961014207,16.7478210926056
"P_Olsen",30,2,30,0.229244660567734,17.3371154140988,1.13800469885323,0.791831857382463,0.154834918872226,19.4341172267681,1.07763168418752,0.694949788169308,-0.0143893788362796,0.137603443598411,0.323807307871161,16.3961503505707
"P_Olsen",30,3,30,0.205661556669172,17.2671227683546,1.12427652098624,0.789953141469427,0.217179386200923,19.1713384508078,1.12753172415768,0.726417554816743,-1.50479017062355,0.212246797409052,0.35976645021394,15.7211885452271
"P_Olsen",30,4,30,0.211682256692182,17.937951140586,1.12923557710451,0.773798838073241,0.211492090200926,17.5530258646204,1.12431493616342,0.756550631351056,-0.167346778573548,0.20773265277108,0.376709063126362,15.9270107746124
"P_Olsen",30,5,30,0.207803798522305,18.0756542546613,1.12496712174434,0.772836082621881,0.214556021378897,17.344697958246,1.12688315591424,0.751864297746398,0.62958017233195,0.211339766837718,0.374575135908916,16.1491742134094
"P_Olsen",30,6,30,0.220611085861504,16.0679037329409,1.12826178886369,0.829206302915867,0.207262165635929,21.4254471278861,1.12142941809505,0.699011540370951,-1.37946027520239,0.203650286355346,0.333501367981133,16.0908961296082
"P_Olsen",30,7,30,0.231516355491657,17.5148649580042,1.14040089652527,0.899849675563579,0.157491548259386,18.8923722835865,1.0777250517857,0.589939015212132,1.0265574597704,0.137752862797931,0.327054905617588,15.9882757663727
"P_Olsen",30,8,30,0.218202822565747,18.0929227465265,1.13344841792521,0.759012168315174,0.209070130582311,17.2154797773478,1.1105964818571,0.796894697529802,0.0217550236464946,0.188039073037418,0.404159985284858,16.5062353610992
"P_Olsen",30,9,30,0.209408700784086,17.7864889176165,1.12461938342332,0.76827673315927,0.18814052702874,18.3906387777372,1.10540654602164,0.749598916416553,0.445067571462267,0.180396784957436,0.35455153878402,16.2005281448364
"P_Olsen",30,10,30,0.19111193012674,18.9581119727768,1.11033402049925,0.725629848834839,0.237098437645519,15.6016948051501,1.13204138605989,0.856002393765037,1.16569814343972,0.218510569532569,0.43033584860097,16.2622606754303
"P_Olsen",30,11,30,0.206441057864574,17.9154323764138,1.12264813552312,0.751631768749725,0.229750139628512,17.7325810951301,1.13209022925027,0.804706572238312,0.539487722163631,0.218578001637588,0.416376885248184,16.7248713970184
"P_Olsen",30,12,30,0.223844179730087,17.7844311849957,1.13607116541723,0.769093102147663,0.190118009625745,18.0641430364257,1.09920176422035,0.76244926328513,0.959097132795089,0.171117665333457,0.372862620926155,16.3905410766602
"P_Olsen",30,13,30,0.193558404138731,18.7917056656146,1.11528022915777,0.725419904268925,0.245020347192986,15.7009460153154,1.14190525613048,0.894764725405483,0.458709414513877,0.23195339553725,0.438718082832176,16.3352694511414
"P_Olsen",30,14,30,0.228337240323202,17.0654827911584,1.13880506640068,0.803429619764618,0.176735460130618,19.7064730683525,1.09463562354814,0.69833746009582,-1.70727495981732,0.16418807677629,0.334484404102417,16.1672344207764
"P_Olsen",30,15,30,0.20147404387671,18.6940078670119,1.11928877811373,0.711657025055404,0.235545750562389,15.9285914523156,1.13219573185118,0.959026687684887,0.380407416436834,0.218723627009197,0.432453080160638,15.7478737831116
"P_Olsen",30,16,30,0.194232505846715,17.7603480478184,1.11569762033938,0.743739991155329,0.218902493007524,18.3837434185477,1.1282633727389,0.840944635051991,-1.09665266503549,0.213268139855188,0.382645726227691,16.2216260433197
"P_Olsen",30,17,30,0.222765169718595,17.3615410529998,1.13400731731429,0.777190094117167,0.170894479769557,19.2450131176744,1.0924404836245,0.732502787283291,-0.566661702779847,0.160825756379355,0.334449597604802,14.8435006141663
"P_Olsen",30,18,30,0.218715923745095,17.6641949084304,1.12721010447255,0.761452229763421,0.143061400521428,19.2296159013279,1.0680850734986,0.754172890109495,-0.0500592377555209,0.122118239730114,0.310634456020067,14.1798708438873
"P_Olsen",30,19,30,0.220545353367447,18.075190257386,1.13326753075142,0.774682408627938,0.201549989739333,17.3090368039461,1.10657705702032,0.761019451815882,0.231812873748131,0.182129781643764,0.392199620827993,16.0520806312561
"P_Olsen",30,20,30,0.206874614450998,18.6920180153815,1.12311664521011,0.739908812340063,0.228325925579323,15.8570471188951,1.12526610665726,0.855510117885381,0.527381014088234,0.209071470005494,0.425674243322679,16.3016195297241
"P_Olsen",30,21,28,0.196140345570869,18.2266169268408,1.11847521432967,0.731560427726131,0.247230098253907,16.8717625422364,1.15012683629503,0.925663460524847,-0.569784969154859,0.242894775225919,0.422128232212232,15.8768262863159
"P_Olsen",30,22,30,0.196993232428206,18.1852463737572,1.11894225569414,0.762087295391242,0.228117147084462,17.2242728882559,1.13227949898205,0.767552641308547,-0.245879137177274,0.218839221894361,0.412047637760401,15.9454967975616
"P_Olsen",30,23,30,0.197854792882757,18.3475506607685,1.11496259544808,0.741618209786159,0.232530790128376,16.8914811523817,1.13937517087903,0.833435571635171,0.00999026482106751,0.228538574875137,0.405405200274828,17.0355789661407
"P_Olsen",30,24,30,0.200325995621479,17.801451398195,1.11820885814828,0.7664947225249,0.232110323485524,18.031422364963,1.13975322808234,0.770651819293044,0.382730818202506,0.229050278935776,0.40020541403681,15.9377951622009
"P_Olsen",30,25,30,0.223551551854383,17.0204736641771,1.1313307121927,0.811701204536834,0.183007363224712,19.8256801938043,1.1065898649464,0.669904375041344,-0.538841218230144,0.182148713970919,0.317043443695197,12.9659869670868
"P_Olsen",30,26,30,0.20985709243816,17.8067506686507,1.12435869793738,0.773995492297437,0.214675122706132,18.0459678389497,1.12410042366274,0.749945842239052,-0.647698358329225,0.207430246576388,0.38798965189836,11.69837474823
"P_Olsen",30,27,30,0.235861070587171,17.5325789772685,1.14464103155017,0.793870161260695,0.1618334776728,18.6952887651981,1.07872960668495,0.702028490430805,0.378068939574179,0.139358031086581,0.339988743214835,11.2760615348816
"P_Olsen",30,28,30,0.202170150296413,18.4563159424614,1.12000079450691,0.748520435663803,0.237980943681118,16.6664237890631,1.1217415995823,0.795086178517539,1.35332040383372,0.20409347406365,0.446129053385475,12.6359987258911
"P_Olsen",30,29,30,0.212040172425142,17.8214412233812,1.12599908726172,0.771403275003578,0.183355053005553,18.4227186851334,1.09541416400693,0.72808707440255,-0.308137415591768,0.165375722837008,0.365506694645753,16.4998853206635
"P_Olsen",30,30,30,0.2218018480612,16.7024557732684,1.13036874212596,0.819143562523126,0.193243861471297,20.4422606552649,1.11000948046723,0.664070079084121,-0.66325191573524,0.187180074576525,0.356313410746839,16.1295945644379
"P_Olsen",30,31,30,0.228936555796155,17.7123430910071,1.13958823405921,0.772201351606854,0.164243882091822,18.3809986824403,1.08292996212666,0.748615365668106,-0.0488982420065229,0.146021419408154,0.338956038700734,17.2607841491699
"P_Olsen",30,32,30,0.203156748600682,16.9558213454277,1.12234201063294,0.769832640901229,0.216941981939264,19.8318085584614,1.1261001152805,0.812436498290303,-1.69900942772545,0.210242586027536,0.339476404996852,16.011394739151
"P_Olsen",30,33,30,0.21200020912677,18.4749979535813,1.12929232555389,0.724537843448324,0.216146446707517,16.2792092286399,1.11744897411093,0.892235378021096,1.06237716339422,0.197966857244426,0.40471527738789,16.4933791160583
"P_Olsen",30,34,29,0.212108050589949,18.8144458300249,1.12690688209582,0.743858527720529,0.198270327905995,15.7797576158036,1.09130034276906,0.825909834441797,1.59647394425895,0.159071378412294,0.39642163156485,16.8407363891602
"P_Olsen",30,35,30,0.179531589272728,17.9972372249082,1.10217243077567,0.731313201605426,0.256441590530878,17.8351214335762,1.15958301006842,0.861467058535147,-0.626075626683095,0.255192518610358,0.398988949256584,16.5559740066528
"P_Olsen",30,36,30,0.21037825907409,18.0990433331674,1.12471239461982,0.753477211417529,0.216325232136154,17.335546952585,1.12431648850426,0.801757895958826,0.15958329326234,0.207734840532491,0.3955840306923,16.264059305191
"P_Olsen",30,37,28,0.206394781574606,18.2295515255374,1.12449176376413,0.767440412914249,0.204924289723173,17.1597526960857,1.11438889836658,0.755279072463347,0.730525279346855,0.193556095688028,0.382700976777005,15.8709619045258
"P_Olsen",30,38,30,0.238175081484103,16.8118640752459,1.14262218448709,0.836822760226498,0.15331933981688,20.3091724245118,1.08524325717078,0.635450688498955,-0.709764934541123,0.149658205762277,0.289656541087851,15.8812968730927
"P_Olsen",30,39,30,0.206052370332474,18.4587151853815,1.12309949549739,0.744823096403165,0.220623939468291,16.5936683942841,1.11770393906819,0.827889124548981,0.117453627123843,0.198332726979998,0.420360812551086,16.0931339263916
"P_Olsen",30,40,30,0.205113008834068,17.6046211861904,1.1240765860882,0.751204579191616,0.223183594062501,18.3936427789718,1.12958540005236,0.837537911066311,-1.44401900738927,0.215108589227459,0.389201051861715,14.2638716697693
"P_Olsen",30,41,30,0.236216720900796,17.4280077878678,1.14209488558,0.807835981390877,0.167402257841014,18.9372948512445,1.08510600946558,0.667972748978384,1.06433246927791,0.149443084217201,0.338854627686454,10.8100883960724
"P_Olsen",30,42,30,0.224948079194861,17.6470390796971,1.13621831824898,0.795209266360442,0.166603169969898,18.6200075822457,1.08583223804777,0.701396833073944,0.872362681321938,0.150580446244413,0.336267791569319,13.9212403297424
"P_Olsen",30,43,30,0.208610613570216,18.1592564882775,1.12634319894791,0.771411804995589,0.229193351072881,17.0666482785364,1.12793386367905,0.783072117142508,0.236037888047799,0.212808408748958,0.424388864899223,15.9193532466888
"P_Olsen",30,44,30,0.212970660081565,18.0778773131679,1.12879905384613,0.772163789375441,0.214326094722813,17.2623170958811,1.12189847562641,0.750831106740159,0.387749553831927,0.20431604311144,0.394961833614724,15.5475041866302
"P_Olsen",30,45,30,0.207439432696097,18.1708336085356,1.12602852385046,0.733984377785232,0.199309777922375,17.381242361547,1.10621916582911,0.843327498984106,-0.00800929378153718,0.181600490694491,0.387352113866738,18.6588287353516
"P_Olsen",30,46,30,0.212925538958501,17.6327565890416,1.12560733838761,0.771767084816296,0.206003060694174,18.4348481453957,1.12181042794606,0.755345435458759,-0.255085235714686,0.2041911363103,0.360690692766375,17.4769666194916
"P_Olsen",30,47,30,0.222087475207485,18.3165721039782,1.13320252988623,0.733831567866384,0.179454994940369,17.0788120642534,1.08118140743228,0.817587139402159,1.18589438156445,0.143256969858569,0.373439742658418,16.3595278263092
"P_Olsen",30,48,28,0.205646052030245,18.6309524070174,1.12244284899883,0.71711385484339,0.215322202595514,16.2169428328341,1.11404742232672,0.877984882648297,1.13692603447494,0.19306164011997,0.4080179549717,16.5604717731476
"P_Olsen",30,49,30,0.239098099038722,16.666124789578,1.14210266720151,0.859336257277756,0.176811904658809,20.3198293825874,1.10219779299409,0.643078891262626,0.316044471523314,0.175617729066337,0.315598628187702,16.383847951889
"P_Olsen",30,50,30,0.209696246296242,17.9305883055471,1.1234115951142,0.76663581895678,0.204580335237685,17.8675325535198,1.11907934206711,0.751697424351644,0.643930609757196,0.200302092235718,0.365494111900745,16.850430727005
"P_Olsen",60,1,30,0.222901566735846,14.4140447789474,1.14193328284238,0.691709841193383,0.216531500358553,12.7094445721731,1.10332176698603,0.875496056244847,0.178263214247912,0.177652376588285,0.428343255050898,22.9254775047302
"P_Olsen",60,2,30,0.236065363646822,14.0414687326331,1.15291806911274,0.754076932877553,0.195610676614952,13.3139559181073,1.10607959696846,0.748751758028739,0.438147429836324,0.181748044972436,0.375493491253153,22.8414642810822
"P_Olsen",60,3,30,0.229101568886098,14.2937121933337,1.14777496421131,0.726825044430742,0.189711365796148,12.9549963209089,1.09360213535337,0.819833455518482,0.584115618271634,0.162969824092946,0.381946117660851,22.8140704631805
"P_Olsen",60,4,30,0.233715001890008,13.0687011507424,1.1397278471164,0.814568967276085,0.171234839767555,16.0680413774942,1.09801724271514,0.629812723420943,-0.160209181728013,0.169687656968511,0.310632443469386,22.6507575511932
"P_Olsen",60,5,30,0.235134987156149,13.9147227461215,1.15155515272371,0.735932854131379,0.190246315025112,13.7432008101158,1.10248346796376,0.795605277916903,0.131124702062446,0.176401318737137,0.369593872621214,22.0872616767883
"P_Olsen",60,6,30,0.229105296223986,13.9759242283184,1.14475027092061,0.775607331788196,0.189324807117721,13.8379491736347,1.09866440322461,0.687027751056759,0.590355471246637,0.170665548120003,0.372642129734192,17.9089846611023
"P_Olsen",60,7,30,0.228551680034306,13.5458516855228,1.13621064826235,0.786549417294083,0.191771257006737,14.9617604390999,1.11062298345027,0.639669899739137,0.362840360153342,0.188429035357932,0.346557387863352,15.7727768421173
"P_Olsen",60,8,30,0.216233352042797,14.0541932081741,1.13989543729664,0.734605371654864,0.237819877749779,13.2541857420483,1.14418377640059,0.815394397689329,-0.0124279009382499,0.235340227702105,0.406716574760443,22.2004499435425
"P_Olsen",60,9,30,0.213335698549077,14.2819846086219,1.13586324876595,0.751251107183154,0.239689546248055,12.813294882537,1.14359505985797,0.777648324755254,0.288525458565449,0.234552739638852,0.416713838640981,16.4588634967804
"P_Olsen",60,10,30,0.213665749781977,14.387620178423,1.13306768957645,0.7274164799468,0.236773562150009,12.6476290986849,1.14094642241637,0.773088799782774,-0.0634099974331501,0.230994736445789,0.415831015179004,16.3407056331635
"P_Olsen",60,11,30,0.212407107440357,14.4111232749505,1.13654326990447,0.722892424916527,0.241362952004498,12.5049217104181,1.13880910913906,0.839787576698784,0.587138190215526,0.228105494511639,0.432533304590013,22.4490661621094
"P_Olsen",60,12,30,0.230802873581144,13.5119924409688,1.13865692961066,0.766389995423765,0.162782500942254,15.2445548134521,1.09091835265251,0.695802588517704,0.0553364828126794,0.158846380191422,0.308985035488343,18.3848347663879
"P_Olsen",60,13,30,0.231340004155866,13.4521907670128,1.13803130989898,0.759113526700872,0.180758169203437,15.2275259448897,1.10277312635891,0.710941904757228,-0.125456428338606,0.176833920757893,0.334852240520794,17.2878575325012
"P_Olsen",60,14,30,0.236094375853505,13.8607179602085,1.15431878694161,0.755180255095716,0.199217589022828,13.7632863865683,1.10558623170018,0.762092163557406,0.280311272680837,0.181017595988591,0.387318090762083,15.2813446521759
"P_Olsen",60,15,30,0.221427910842125,13.7479224900689,1.14106131844934,0.757945693796808,0.236737131569458,13.9530737845733,1.14357295352077,0.752457111751815,-0.206243863884743,0.234523145726636,0.403358283287253,15.14701628685
"P_Olsen",60,16,30,0.21981697490152,13.5669691604682,1.14019351351705,0.771738860843602,0.21067949208341,14.6222902592939,1.12490778397685,0.697185462689091,-0.0841367190039065,0.208909862339847,0.367522367449713,15.3042829036713
"P_Olsen",60,17,30,0.224921439421657,13.8792850197468,1.1414246861556,0.753165379926085,0.223666551035096,13.7676299128281,1.13245854369256,0.749766035647279,-0.49350397267554,0.219424009172751,0.391005786436125,15.3372354507446
"P_Olsen",60,18,27,0.200988583296028,14.4367254526853,1.12350609430728,0.708421697393829,0.228355096378889,12.9467828584113,1.13204981562468,0.857955989644442,0.075683937596635,0.218860251451737,0.413050563172023,21.0490663051605
"P_Olsen",60,19,30,0.207551900635599,14.035318841079,1.1294716933162,0.720683063173105,0.254029136578459,13.4410648863024,1.15735143492283,0.851639315547492,-0.578049597640871,0.252640937179473,0.405855098699057,21.6647193431854
"P_Olsen",60,20,27,0.216480541230135,12.997185657547,1.12677352614779,0.789518365388704,0.18569902377475,16.3694646559796,1.10601802537946,0.659209554300128,-1.14796320479874,0.181656938906782,0.314245641086902,21.453507900238
"P_Olsen",60,21,30,0.22521234859372,14.1303937898856,1.14458420606984,0.735293168718133,0.202480669692038,13.2549456790315,1.11517303727555,0.800633096278023,0.157657749947193,0.195038158988808,0.374527622486428,16.3142194747925
"P_Olsen",60,22,30,0.210134485570295,14.2311805551492,1.13009901768385,0.757711904730094,0.239905128610064,13.1255592486111,1.14335896135627,0.722140490966353,0.45729355705725,0.234236584141856,0.416788226416654,16.2672498226166
"P_Olsen",60,23,30,0.254384626482807,12.7779520191235,1.15532440216622,0.80500319688206,0.158566768016656,16.4927226399967,1.08492160775416,0.667256149285621,-0.753933112764149,0.149521975304462,0.311636005823709,17.3655948638916
"P_Olsen",60,24,30,0.22352701618074,13.9105857770004,1.14520600083393,0.773246074783158,0.223625680383233,13.5772035805524,1.13291083737517,0.690590933867289,-0.160586352943275,0.220047145793125,0.392045188311103,21.725741147995
"P_Olsen",60,25,30,0.231174657053295,14.0456750445999,1.14630813285695,0.747785951308772,0.194895185785957,13.6961896918785,1.09252206839914,0.753897334389488,0.686598580317222,0.161314030530613,0.39450209171873,22.4520471096039
"P_Olsen",60,26,30,0.223877867519689,14.8728258549806,1.13966402402496,0.722034400503915,0.224002653757216,11.5367261132864,1.08474851252769,0.812362069444173,1.47407013208246,0.149250529102565,0.444786185245913,22.157838344574
"P_Olsen",60,27,30,0.232826708826083,14.0656631684292,1.14730972846855,0.74576933909128,0.183310163493446,13.576004661425,1.0951595493821,0.762012348846243,0.281171887105599,0.165348793659413,0.365227727848177,21.5188913345337
"P_Olsen",60,28,30,0.195988609984862,14.3384627319175,1.12459498050457,0.70524651345575,0.280909141466317,12.6334700919086,1.17946318365614,0.863285615168011,-0.0777154230074393,0.280400196787494,0.448448695236047,20.6500389575958
"P_Olsen",60,29,30,0.204641084538175,13.1960500655932,1.11855831034317,0.780476724004987,0.221963979974277,15.7945458687531,1.13270891703042,0.685260417737761,-0.67109841615358,0.219769047185385,0.348578976050963,21.0564403533936
"P_Olsen",60,30,30,0.228126380460824,13.257614284853,1.13508616338492,0.782070695543315,0.187092460362171,15.6339343634218,1.108820154251,0.682970111796161,-0.462651765107228,0.185787825650004,0.326785127070304,21.5445868968964
"P_Olsen",60,31,30,0.212991833603317,13.9264938687359,1.13336271344103,0.772004028891723,0.215884774443549,13.9426984832982,1.12852800428948,0.691679785771191,0.325149481110419,0.21397721905539,0.37295919134511,21.4014437198639
"P_Olsen",60,32,30,0.232241441586231,13.4675651067523,1.13874026111778,0.774606919833608,0.176087567067409,15.2099520336537,1.10039185966029,0.688176430592307,-0.296813031942827,0.173267375106102,0.322858545568775,20.7817077636719
"P_Olsen",60,33,30,0.242507197170717,13.192860626545,1.14731015406362,0.79506094977575,0.152326210962094,15.8791360129889,1.08043495325183,0.653068705470962,-0.335001119330365,0.142443855763696,0.30746909016004,21.8636817932129
"P_Olsen",60,34,30,0.221729299848178,13.9829109240293,1.1430407754894,0.753265382810924,0.230726636195384,13.4320088372177,1.13591663139798,0.749892791321778,-0.129983418929243,0.22416941284556,0.409855195048122,20.558212518692
"P_Olsen",60,35,30,0.233593705976449,14.0078931814774,1.14851628596369,0.750713587958051,0.197942213170125,13.5140313707393,1.10972808006867,0.766653059754829,-0.231083609417682,0.187119578645159,0.37485735711941,20.2649395465851
"P_Olsen",60,36,30,0.204220317936549,14.3576928944353,1.1281706678984,0.749645916592322,0.264822714267864,12.6410328320857,1.16416305869534,0.762507401731796,0.476981895412713,0.261361082631385,0.439920642519442,20.2520608901978
"P_Olsen",60,37,30,0.196876302228601,14.5007053087334,1.12146224087381,0.707471659590338,0.28877872603658,12.2735617116652,1.18568881365419,0.889488231409138,-0.275679219439643,0.28793708290235,0.457775974147906,20.660516500473
"P_Olsen",60,38,30,0.227753016971215,13.8043176730325,1.14762387542227,0.760190961520715,0.217826965086586,13.8145718296604,1.12902834675978,0.751326210322014,-0.16856313027086,0.214673735555702,0.38280662635847,20.0662357807159
"P_Olsen",60,39,30,0.216920562730674,13.8481228601131,1.13793929375887,0.75142384495822,0.239070439553619,13.7792388823081,1.14604309438206,0.77387162608025,-0.3609970684758,0.237819353251696,0.398297159255117,20.5386912822723
"P_Olsen",60,40,30,0.230248485225891,13.7668933379569,1.14911116974274,0.763327352949447,0.213628273908736,13.8938439689113,1.12639423024017,0.746252550640415,-0.275263736994228,0.210996409040241,0.374207035724429,21.0713040828705
"P_Olsen",60,41,30,0.215844133424914,13.5565127961496,1.12583248760794,0.773875775264252,0.208331509116501,15.025427337206,1.12432950566424,0.694339839118346,0.00910666503251157,0.208095887587148,0.352263271127037,14.7466962337494
"P_Olsen",60,42,30,0.202988252811151,14.3223639826996,1.12661481739529,0.701174892436095,0.267517384356395,12.7593868514448,1.16598924736682,0.848067444461461,0.652258601444658,0.263673003942682,0.440775250741321,15.7904608249664
"P_Olsen",60,43,30,0.245460952777812,13.1432167512782,1.14961790626807,0.759560356411919,0.166840628442757,15.744444778315,1.09271487318317,0.705281504451273,-0.474438361533225,0.161609969398684,0.316540445805216,14.3521952629089
"P_Olsen",60,44,30,0.228311755490793,13.8017297626834,1.14559347514125,0.747934987316621,0.212956630805187,13.9482222094772,1.12340253246046,0.773360492684916,-0.0265629672358333,0.206788472425255,0.385866085300471,15.3490796089172
"P_Olsen",60,45,30,0.217660092836439,13.9666499831618,1.13713698874511,0.751654300612994,0.21365859637789,13.7612838483935,1.12647392569136,0.749127146389285,0.130774273562416,0.211108045486384,0.375006730290824,15.1780152320862
"P_Olsen",60,46,30,0.213169723812187,14.152418055764,1.13437679205895,0.737297137767226,0.245779522310736,13.1219076569972,1.14936012742472,0.805562078038505,-0.418463103361115,0.242212284919323,0.417884165090898,21.9689984321594
"P_Olsen",60,47,30,0.223100499407629,13.4396947013521,1.14399600741289,0.773784500398939,0.231524617147437,14.6380733390285,1.13675256193413,0.733060366038047,-1.30744143498982,0.225310034019765,0.371245557869985,23.3922002315521
"P_Olsen",60,48,30,0.214717627714216,14.1683837158418,1.13442471054436,0.720387415368187,0.235318071111131,13.1686197659304,1.14166385026694,0.826955101868307,-0.0260360513021763,0.231960927055567,0.406857267476862,18.9556984901428
"P_Olsen",60,49,30,0.216825245668613,13.4524210385692,1.12802524710196,0.773094727349255,0.213682468531283,15.1336281971175,1.12830728266235,0.699367201449808,0.0608827759574991,0.213669662418505,0.351979505968324,15.9133505821228
"P_Olsen",60,50,30,0.224248500942817,14.1862246472834,1.14183298659199,0.719128572164095,0.214435452035363,13.1104814688568,1.12223827442183,0.831419694684215,-0.398151109557823,0.205141795495585,0.392969050289919,15.2828776836395
"P_Olsen",100,1,30,0.284662111532263,14.5413669010156,1.35001936108401,0.575970443976283,0.284764219648592,12.5646698554515,1.18235576155101,0.698415599132723,-0.223015393712621,0.283906243231177,0.454388568544544,15.8791048526764
"P_Olsen",100,2,30,0.348150139997034,11.1426000858567,1.25486398532715,0.756528789066009,0.0758104597838365,24.7747921572959,1.04045470170184,0.342920989853717,-0.570411532116673,0.0752595025698068,0.144276760710775,21.417412519455
"P_Olsen",100,3,30,0.266682359485739,15.0379028575571,1.3223071494171,0.571413358391378,0.320171086031039,11.6864709718282,1.20225901844871,0.707504874220088,0.532795287797351,0.307419683752076,0.523438330837889,16.336986541748
"P_Olsen",100,4,30,0.260473589697918,15.0765733801395,1.31993045841256,0.556770629396316,0.328256974354892,11.5462443987143,1.21292579218849,0.739412115765596,0.10049205896182,0.319547570526844,0.528637844232811,15.815013885498
"P_Olsen",100,5,29,0.259287573156141,15.3394748830151,1.31324821802719,0.540975565544842,0.317788761738189,11.0726924727522,1.18858660817639,0.806142588802641,0.411910710534811,0.291394423322778,0.535011173274085,15.9689252376556
"P_Olsen",100,6,29,0.236904565390272,15.6268188623463,1.29083887262812,0.526860439256659,0.412283610314067,10.278151820686,1.27037530028415,0.90714087636212,1.0863930729184,0.379699474784805,0.624189251891838,17.9388899803162
"P_Olsen",100,7,30,0.324748621384455,11.5308965219992,1.22747465744429,0.726604300369473,0.101843074192046,24.2081647267227,1.05554182281601,0.350973940854799,-0.444121157716542,0.1015056715627,0.182000804893955,14.4773194789886
"P_Olsen",100,8,30,0.33936080128797,11.1500631465947,1.23623141763651,0.760905937343605,0.092653206700263,24.7850932793147,1.05009197366526,0.337060765955325,-0.370598680230714,0.0921553190107929,0.177383166443641,20.0418314933777
"P_Olsen",100,9,30,0.325421961175742,11.4245568927716,1.22877467324334,0.745720333397818,0.100526538565392,24.3941724350804,1.05377901589871,0.340338173885366,-0.145726324787309,0.0984970772026627,0.202841480910774,21.5164179801941
"P_Olsen",100,10,30,0.288992089175401,14.9024675192282,1.33749595985671,0.563938414169094,0.277890955613318,11.8574229587785,1.17149403829464,0.720651994088963,0.297232576644265,0.270565893909195,0.46856802708037,21.8517248630524
"P_Olsen",100,11,30,0.29344013606778,14.3132377230749,1.35761283004465,0.595679072754779,0.2603247906687,13.3876197243401,1.15515816025064,0.623387003951619,0.151748836221506,0.249789167798214,0.454440347431777,15.1482872962952
"P_Olsen",100,12,30,0.280458383005609,15.0012656440373,1.33072560120298,0.565856883440636,0.281363922456445,11.9012113655945,1.1586969686678,0.703357241784594,0.0604542372556501,0.254364649309409,0.497082051573421,14.7211947441101
"P_Olsen",100,13,30,0.277965610031612,11.0830868751079,1.18215125001381,0.745633312101919,0.155126016440014,24.7444116968809,1.08290386397481,0.376728846464151,-1.55793533017244,0.146337066220773,0.22815573836714,17.9727087020874
"P_Olsen",100,14,30,0.292739840998422,15.1804049825943,1.33493153333011,0.578459035517726,0.248802811954771,11.2880980658447,1.12512780059319,0.707157184800969,0.759398511205035,0.209207539743086,0.464858544696702,19.2755534648895
"P_Olsen",100,15,30,0.268031830080681,15.5503681512166,1.30946825686191,0.536614223139606,0.356579460352694,10.0508253595881,1.22814362460709,0.87932659844387,0.507347732598355,0.336305963869355,0.5689338280347,20.0536208152771
"P_Olsen",100,16,30,0.273801019337821,14.7876690678894,1.33976576098092,0.564900172004746,0.285626828388776,12.2135506672018,1.1702020232757,0.714777842895713,-0.232336249939034,0.268954274593025,0.492053051342823,23.8476576805115
"P_Olsen",100,17,30,0.289494896262634,14.8304165479685,1.34263398405427,0.587687891085831,0.278482907944605,12.153781524112,1.14852069305677,0.647448412199013,0.74372124207077,0.241092958070105,0.498093990456427,21.9826643466949
"P_Olsen",100,18,30,0.313141001630259,11.2713423638177,1.22274611006618,0.753044493373466,0.111006630094949,24.5463381544944,1.06022775417386,0.345511888438118,-0.587232904034447,0.109430343509308,0.18357845150895,22.1368494033813
"P_Olsen",100,19,30,0.271474033474209,15.3253581027277,1.31664022091578,0.547565348473418,0.326540438196812,10.923751690263,1.19399686785122,0.833316481654739,0.568054088867241,0.297801566464077,0.5447712941297,21.3214159011841
"P_Olsen",100,20,30,0.245667496420602,15.6367954940141,1.29791774059952,0.560352007759787,0.379615575726541,9.99435499602377,1.25941612557199,0.787651354502805,0.443854833428388,0.368857055037155,0.582181817329188,22.5455000400543
"P_Olsen",100,21,30,0.281893128404044,14.4337881233419,1.3468932964631,0.581342688994468,0.311187711659095,12.805962473523,1.2055084424467,0.662789660874663,0.0453719872151137,0.311148324629965,0.472161041451083,21.9775443077087
"P_Olsen",100,22,30,0.284149417764187,15.1004375275637,1.32675367876823,0.557874514206817,0.300235363049766,11.4442929414405,1.18365070617008,0.742923275689045,0.430706643812763,0.285472236486017,0.505005786747154,22.0382215976715
"P_Olsen",100,23,30,0.26438733875368,15.6820036213041,1.30367852548457,0.554008866456156,0.350279154774957,9.94115803660913,1.20726800251108,0.778030735606151,1.24155506722898,0.313154826271728,0.565228884332535,16.8446400165558
"P_Olsen",100,24,30,0.280512404203077,15.030798943038,1.33492327258528,0.561317164973981,0.258737455221485,11.652198638594,1.15352303457166,0.72881517586493,-0.064224195234457,0.247660803857459,0.453548702556945,22.0463917255402
"P_Olsen",100,25,30,0.316193754832195,11.810819630292,1.22713810024351,0.729817016923398,0.0954960760518107,23.8725081608127,1.05187112385766,0.332504164268333,-0.413349068999236,0.0952238052968751,0.174768729898748,20.8638823032379
"P_Olsen",100,26,30,0.275810476922852,15.1485431126909,1.31782443459522,0.545121039929042,0.324701157152885,11.3577562086354,1.21443076205098,0.818260922692984,0.166006117285527,0.321233011810852,0.513033024985418,22.0625350475311
"P_Olsen",100,27,30,0.263834084466899,15.1583601213331,1.31914678230216,0.55506127527336,0.324036054117106,11.3221367007258,1.20834889978039,0.755201604256545,0.277612940586203,0.314383075863271,0.524910049386482,22.7926819324493
"P_Olsen",100,28,30,0.285264192064231,11.5056470804317,1.18725039933145,0.743181905826299,0.142302076174237,24.2516669616182,1.07927327024999,0.341641773042358,-0.685388886553773,0.140584090978825,0.232519547470305,22.1873173713684
"P_Olsen",100,29,29,0.293876844629119,14.9131850953067,1.33885562192075,0.571304838339417,0.265158678994455,11.8955890045097,1.1583418281232,0.689281142101628,0.395500839545107,0.253907364711818,0.459968144080017,19.967600107193
"P_Olsen",100,30,29,0.292374840394644,14.7118648759301,1.34830146300867,0.566062121983259,0.251716968651382,12.32956899971,1.15270548236051,0.700426241598805,0.408401742313502,0.246593237678275,0.430367244063797,20.639476776123
"P_Olsen",100,31,29,0.272553352238189,14.8905437500478,1.3355101531154,0.561994307627159,0.282148380281902,11.9684567264148,1.17391250241413,0.749622167676715,0.148513340278432,0.27356832044851,0.476818666501176,21.8104786872864
"P_Olsen",100,32,30,0.302184664346144,14.8789257371454,1.34987960181721,0.570091293877738,0.231452867219749,12.036712904729,1.11015235776112,0.682167826049419,0.503765550162796,0.187728790622429,0.448587885716774,22.4294471740723
"P_Olsen",100,33,30,0.32375736050098,11.1868026390997,1.22501973891408,0.77445568716114,0.108350027729972,24.6664905629181,1.05905740332939,0.331361302863549,-0.538448084016449,0.107460941565938,0.184941738460925,21.5946252346039
"P_Olsen",100,34,30,0.294138415887711,11.1256045468917,1.19693628491969,0.754120408885466,0.147501073181428,24.6357311277951,1.07848017228724,0.345963184765559,-1.27501837202541,0.13931962336293,0.215282473889667,19.3691921234131
"P_Olsen",100,35,30,0.287423615692824,14.4921477969155,1.34866881708717,0.599906531925547,0.295008366851556,12.7205233645156,1.18897854050817,0.616120412298653,0.121700071080167,0.291861512764876,0.47872045175323,20.9996471405029
"P_Olsen",100,36,30,0.265353504971466,11.101089498612,1.16939360060107,0.75010078074239,0.161138691424027,24.7922188320793,1.08700619048937,0.352927452127776,-0.837125852752856,0.152768300730278,0.230087251925096,22.5958898067474
"P_Olsen",100,37,30,0.249327832762174,15.2937226739589,1.30411730449883,0.562561791423728,0.360544816234749,11.2274560720342,1.23394271105852,0.710066058050101,0.647662388778766,0.342529551117669,0.570181308377063,21.3264093399048
"P_Olsen",100,38,30,0.29235382378193,14.816828395343,1.34493662681573,0.581557757847037,0.275995765226136,11.9569216034988,1.16250802877084,0.679590340595881,0.478245946260997,0.259245481346873,0.479746581807641,22.071793794632
"P_Olsen",100,39,30,0.293468641270933,11.084534868201,1.19931722810052,0.749675033621743,0.131583003733829,24.7977396903314,1.07232647669713,0.358280700618214,-0.894658467325335,0.129413009808732,0.215965013645604,21.3919804096222
"P_Olsen",100,40,30,0.286721148033037,14.8256594122726,1.34358239356954,0.547459934111344,0.260217703898128,12.1978387741736,1.14193455382092,0.761651051223165,-0.498914860393696,0.232313678641956,0.472227901002083,22.0626933574677
"P_Olsen",100,41,30,0.282255881725748,14.8826092560395,1.33638562239149,0.566827560602428,0.273654419247863,12.0677664474796,1.16347064786662,0.698012340283506,0.00120301993901856,0.260470728348476,0.4743807359691,21.8324699401855
"P_Olsen",100,42,30,0.25791596736913,14.8685657304757,1.32174619623144,0.563818244272025,0.354052441830596,11.8963974179713,1.24392712293283,0.719356837564307,-0.130244287663338,0.353041599215828,0.535037019667819,21.4570782184601
"P_Olsen",100,43,30,0.259028966945697,15.1546007207631,1.31844479047088,0.545820553270471,0.333910114430392,11.3024189886994,1.21519534339342,0.786483772534691,0.0361061954849896,0.32208688162407,0.539261241951007,21.6701648235321
"P_Olsen",100,44,30,0.282948685018375,11.2826772395945,1.18816025874053,0.765758169938619,0.150754746404065,24.4530584798053,1.08299911012988,0.328267547048533,-0.637560140567811,0.146487213226467,0.229589953701802,21.5699770450592
"P_Olsen",100,45,30,0.273075743177048,15.3456589665822,1.31185668783557,0.547706267831389,0.328701708612996,10.8928718292067,1.21270148751071,0.785904753514706,0.146179744830979,0.319295830457548,0.530091026255356,22.1015617847443
"P_Olsen",100,46,30,0.269853046675441,15.268718848688,1.31807951972478,0.567388358568436,0.326431696482628,11.0794037330172,1.19255305900587,0.706000569930478,1.11709141518489,0.296100251753317,0.540154026218186,21.7547657489777
"P_Olsen",100,47,30,0.302234728181023,15.357637649538,1.33484270360418,0.555275752339198,0.211816528096009,10.7861588222638,1.09340974041221,0.770766832937763,0.363921571937945,0.16266286026487,0.427679618868439,21.4316701889038
"P_Olsen",100,48,30,0.32632851824955,11.4437682166988,1.22821938225837,0.763150732750447,0.101761069891795,24.3355539234586,1.05548843675851,0.329103696393764,-0.476881347482975,0.101414778510184,0.185189346124968,19.9846696853638
"P_Olsen",100,49,30,0.343523357351317,11.1400489079506,1.24685050226308,0.767602491753612,0.083502806100685,24.7874936043509,1.04463938364311,0.329535559560013,-0.751158297023202,0.0826534302488522,0.152823863767659,20.5394637584686
"P_Olsen",100,50,30,0.275395171992736,15.0487708506514,1.32679670731766,0.561086464057264,0.309565354967959,11.4982121257798,1.1985152676272,0.736319714959668,0.284407333258198,0.303086159128081,0.503133708524874,20.6247501373291
"P_Olsen",200,1,27,0.280848540475379,10.7432282546479,1.18403717947006,0.786826145236458,0.146153335670455,12.736934704464,1.05934555229921,0.574284230839025,-0.444835770073392,0.106796956611853,0.33097489361422,13.5383658409119
"P_Olsen",200,2,27,0.224577913670041,11.9798310888054,1.12904875822369,0.670958786097671,0.208248829714223,10.5197536493565,1.09377012880319,0.787433292271696,0.574655536806827,0.162136305794552,0.420150254546989,13.5927226543427
"P_Olsen",200,3,25,0.275629977447272,9.98659396060109,1.17062936734337,0.827826855443956,0.204493434449988,13.8431173348574,1.12074759384731,0.524776336447546,-0.740613871925269,0.20198719723083,0.346148682827078,13.4259333610535
"P_Olsen",200,4,27,0.232314297649671,12.3467248103238,1.13815429508316,0.636943881540499,0.270717070896395,9.19021597611646,1.07919928432782,0.90067195335901,1.32066919610255,0.139358682254323,0.50899891305495,14.5912089347839
"P_Olsen",200,5,27,0.226755632016775,12.1469685739849,1.13886502144757,0.679262179674281,0.247268508004673,9.45489071240564,1.12066944860279,0.817706765225306,0.109015822298716,0.201875901112383,0.469438860225368,14.187225818634
"P_Olsen",200,6,27,0.282792269500017,9.90248845137347,1.17244960563409,0.786190040839704,0.189125015347479,14.0945233749813,1.10917109254172,0.604311683580526,-0.80382863831658,0.185242429562862,0.334101476902397,10.3252780437469
"P_Olsen",200,7,27,0.20135286196821,11.948208013903,1.11925971204232,0.66910524496204,0.307734110467078,9.98989575512802,1.19381747702911,0.871509922466497,0.275162226187349,0.2966854141781,0.509048228985943,9.64623045921326
"P_Olsen",200,8,28,0.235769599142616,12.2847848483569,1.14093766037996,0.642308286014093,0.234695374399657,9.2739851871088,1.08277060284707,0.937987267554814,1.05919873005754,0.145026651772337,0.464262756617418,9.89913606643677
"P_Olsen",200,9,27,0.236491274941738,12.1050616221924,1.14613468927581,0.673981887051509,0.267264162218236,9.301430915556,1.12622228634185,0.865806632131355,0.33445506226306,0.209726798836025,0.496835293196194,9.89601898193359
"P_Olsen",200,10,28,0.241203860768714,11.782992805768,1.14471917782953,0.710372473952678,0.208764757615414,10.7273699701092,1.08310397294876,0.713738896051336,-0.00610193598922898,0.145552877684921,0.43102382443171,10.0714311599731
"P_Olsen",200,11,27,0.232754367392303,12.1480459869754,1.14234301795648,0.673130393461404,0.261772211665081,9.34355007071353,1.12184529504304,0.836286482746197,0.439359962312319,0.203548109503113,0.490482776269826,10.9865617752075
"P_Olsen",200,12,26,0.273411748095997,9.60423233599709,1.17217767404195,0.779215577902099,0.25638271612124,14.076300977172,1.15001286012047,0.674523242320411,-1.70215949513008,0.242085710193084,0.375318387432158,9.69781088829041
"P_Olsen",200,13,28,0.249489411502937,11.3640629807796,1.15717339703032,0.702361385932095,0.194664729533749,11.4331080062208,1.0926003321466,0.767036161140819,-0.391371696353176,0.160341221518404,0.395977339893451,9.74577856063843
"P_Olsen",200,14,22,0.191592259843542,11.7835856410337,1.11974452644005,0.655602365896013,0.2785974898631,10.5475440481414,1.17319573422249,0.837468344259392,-0.0456682965943493,0.271743216219727,0.469495338144371,9.96285653114319
"P_Olsen",200,15,27,0.24143879013663,11.0452900385803,1.14786006786724,0.740342799640151,0.219248251501442,12.1014352561532,1.12243192532443,0.672991323145654,-0.990284369188303,0.204380410671539,0.399801043814964,9.48991560935974
"P_Olsen",200,16,27,0.252264054268906,11.8052933049238,1.15848182225271,0.743010700660996,0.191126960136446,10.3077709361732,1.06644181661256,0.605628647906067,0.719814350214537,0.118644422517734,0.409251905214192,9.74261426925659
"P_Olsen",200,17,27,0.206271479463653,12.0284545681765,1.1258436189083,0.695702423995487,0.284285256153689,9.86894342873823,1.16199679987981,0.74258875359031,0.609422931539107,0.257638184513343,0.496876571173598,11.8580794334412
"P_Olsen",200,18,27,0.225132781645828,10.9853036063723,1.13982087861086,0.744520153294232,0.234156002931219,12.2277055296877,1.1375500050076,0.639253822478963,-1.30093465655128,0.225387509132528,0.376484141826289,10.6340272426605
"P_Olsen",200,19,26,0.272112093525389,10.0910994303141,1.17578029075622,0.748599862895701,0.178944890848572,13.7683473867282,1.10163805625979,0.654935005757638,-0.828403722168448,0.174061655894029,0.323358488050625,9.51990866661072
"P_Olsen",200,20,28,0.253007309739943,11.2513718988688,1.1595414244577,0.78432210794554,0.177925971350414,11.8718331937467,1.0716308737223,0.52976641621892,0.133891712469457,0.127159167389237,0.384702150557719,10.0066032409668
"P_Olsen",200,21,25,0.277193442451653,10.2457171510511,1.17573834894193,0.79634436562237,0.167196288739747,13.6000641303439,1.09316433968777,0.594176422445713,-0.252098760245518,0.161207425615923,0.320777780030696,9.75182056427002
"P_Olsen",200,22,29,0.249198859001563,11.4948828971677,1.15732747262445,0.709063715386631,0.220676689924508,10.8699781326402,1.11360789384639,0.731546800551713,0.111527873618186,0.191721759049702,0.426455111445005,10.1640281677246
"P_Olsen",200,23,25,0.259042809711392,10.7742110478825,1.16112094713833,0.78688640748932,0.193347030892841,12.5591806303867,1.11030766378927,0.596433357831988,0.0199513109414892,0.186909636033903,0.359938897033742,10.1681125164032
"P_Olsen",200,24,29,0.233625685976535,11.796499738522,1.14645384389674,0.636311848122878,0.250154305869629,10.1526087937886,1.13476815485618,0.885208374275035,-0.0973770883186126,0.221584975287875,0.462267766950318,12.7237410545349
"P_Olsen",200,25,27,0.220025510449711,11.9887667966773,1.13467447320564,0.698942252953186,0.248034483537311,10.0123400164497,1.12624698806352,0.694117278136977,0.309504601815446,0.209761464224328,0.465781250619673,15.174729347229
"P_Olsen",200,26,27,0.226886257876291,11.5311580171671,1.12997770988952,0.695073143397014,0.232341930712688,11.2461162302396,1.13668521619094,0.744193571243365,0.125110132095813,0.224208412175283,0.415336892896514,12.5479447841644
"P_Olsen",200,27,26,0.26548353891788,10.2024685908047,1.16350288249366,0.763822047638902,0.233174513888924,13.2968319296291,1.1418049585716,0.675683927761775,-0.513166610904427,0.231149962638111,0.391655669482874,14.262998342514
"P_Olsen",200,28,27,0.217453781961916,11.7224032486341,1.13286007246814,0.678922331982337,0.251072768542866,10.6086638272965,1.14693070931338,0.813129154663609,0.284346911924753,0.238006745527357,0.446332928759587,14.3933782577515
"P_Olsen",200,29,27,0.223584927685361,11.6700603847766,1.1401779856008,0.65678185864389,0.266380966521733,10.4771054168469,1.15369962746569,0.857350417182623,-0.551346975048144,0.246921958595007,0.470373048638138,13.9104056358337
"P_Olsen",200,30,27,0.243481766944396,11.2767631834609,1.157370844219,0.693969195564701,0.222601598249582,11.389678612635,1.11779746195557,0.755779677176381,0.428950356575008,0.197769349540547,0.423968779803694,14.3079967498779
"P_Olsen",200,31,28,0.230102854595506,11.6871179218919,1.14222490885251,0.678683031865565,0.267711168681466,10.4731662699268,1.14463997942514,0.832549052050995,-0.531745817068315,0.234953790222064,0.483788025903544,13.941196680069
"P_Olsen",200,32,25,0.297304630834382,9.59968749037282,1.18906480167501,0.856356783306155,0.153554661473018,14.7319593880746,1.08409543882944,0.509898972168003,-0.875457643655424,0.147115042330049,0.292729082220582,13.9369463920593
"P_Olsen",200,33,27,0.232334476448713,12.094059397544,1.13985361653617,0.678390537065343,0.247060263897526,9.64408282959608,1.11660094350479,0.82514739769539,1.45813049078033,0.196049132352854,0.455940282319325,13.6930813789368
"P_Olsen",200,34,27,0.229877760427957,10.6107798820629,1.1394461759609,0.736126021066932,0.219702222222821,13.0386618456694,1.13003932567795,0.660777703032584,-0.836138631646887,0.215056541373749,0.376855819272197,14.0584568977356
"P_Olsen",200,35,27,0.222684143264894,11.04850081136,1.13359415298261,0.689353988386277,0.235665058444128,12.1629526303801,1.1384432841083,0.706506208742131,-1.05516763239273,0.226602631030363,0.405086921804702,13.7763485908508
"P_Olsen",200,36,27,0.228257636056418,11.7346346768416,1.13917358862927,0.725743854370437,0.210813214159107,10.7179930318638,1.11320422481185,0.703315644317895,-0.00277432709324112,0.191135458626121,0.404942948650106,13.499125957489
"P_Olsen",200,37,22,0.275288636307694,10.1593543682283,1.17551833967418,0.801905877058281,0.184954729925764,13.6034400523958,1.10652273360564,0.593581817826873,-0.627500210198522,0.181337669835867,0.332151027426775,13.1813027858734
"P_Olsen",200,38,28,0.233153257851064,11.2534823181286,1.14518787580696,0.755530948967081,0.220091976032826,11.776870588741,1.11377379589856,0.61178956843494,-0.963776017929173,0.191962535107347,0.418532604475881,13.4791975021362
"P_Olsen",200,39,27,0.239695009267758,11.5487540797656,1.1507225132889,0.654561190998488,0.22567096090431,10.9946649313429,1.10407648251052,0.784023451722158,-0.635136795896896,0.177705906553404,0.442769879899411,13.4473538398743
"P_Olsen",200,40,27,0.250459955729359,11.2961118536614,1.1567994362484,0.756070069563959,0.204264133052353,11.5438944988835,1.09832789066205,0.592962186692026,0.744785162611172,0.169075690226588,0.406682011944909,13.4242279529572
"P_Olsen",200,41,27,0.26595632433085,11.1855966114097,1.17777042855937,0.742133771526545,0.194015562640715,11.3806507042487,1.0924799806188,0.660079831568463,0.344938516946173,0.160156211660364,0.39497768000665,13.5088763237
"P_Olsen",200,42,27,0.241720391816775,11.0863154086294,1.14010608717083,0.789527848286445,0.173286450345152,12.5318542232772,1.09010697292819,0.53257361449379,-0.121561615686625,0.156495791153595,0.350002229142348,13.1817092895508
"P_Olsen",200,43,27,0.240146741529682,11.0424533358208,1.14383423377254,0.769841555265951,0.185976069958176,12.4321798004911,1.10101826045084,0.596120130896694,-0.0352296307648615,0.173131503819247,0.362252722860638,13.4235301017761
"P_Olsen",200,44,27,0.221462552703258,11.9562697242288,1.13694528945175,0.674167625933174,0.243498278771541,10.0976316076193,1.12164844261572,0.819806267120466,-0.228952679457103,0.203268525918986,0.461910352996398,13.1678652763367
"P_Olsen",200,45,28,0.258917341866468,9.76515044941972,1.15121557188813,0.796176250972355,0.243634996793426,14.234009697529,1.13998423167025,0.616146431073636,-1.77984637756358,0.228692062246462,0.360221875284943,13.6407876014709
"P_Olsen",200,46,25,0.23114854636069,10.6237463774007,1.14237592799573,0.764205557680715,0.259528744506272,12.6680305944475,1.15938328665464,0.631022842532742,-0.703164565833482,0.254287507925855,0.383450548402686,13.306339263916
"P_Olsen",200,47,27,0.240822146216863,11.6540163506055,1.14943556637937,0.74732705772697,0.204348780118848,10.7530067047127,1.09831945974708,0.62898713455054,0.608375145360739,0.169062933502611,0.407718772437056,13.8096990585327
"P_Olsen",200,48,27,0.277182359969558,10.7182615659335,1.17212900199553,0.769897953995425,0.208565926768876,12.3940599234832,1.11604233674965,0.642590607853194,-0.0262620873897261,0.195244136410328,0.393687648566425,13.9138104915619
"P_Olsen",200,49,27,0.243780741457688,11.9788185192784,1.14890229630946,0.732281533932814,0.205503086855348,10.2595504054689,1.04709299154975,0.639911593640633,1.72430462024653,0.0857710202294684,0.429718276368211,14.2569508552551
"P_Olsen",200,50,27,0.231962609669726,11.3745226527159,1.14777687990459,0.704420283789834,0.234142173745018,11.1860452090761,1.1370201243524,0.758893625167207,-0.26461521941034,0.224665362169541,0.419507057513251,13.8856251239777
