"filename","Order","run_id","ncomp","R2.cal","RMSE.cal","RPD.cal","RPIQ.cal","R2.val","RMSE.val","RPD.val","RPIQ.val","ME.val","MEC.val","CCC.val","training_time_sec"
"C_hpom","alfisols",1,25,0.609145936829267,0.917194310844244,4.86493583367874,0.52118205144556,0.98924555770965,0.597212872923191,9.52823804873987,0.684404930857155,0.0269668575621132,0.988729088925407,0.994458869457194,6.31361699104309
"C_hpom","alfisols",2,24,0.657963621305678,0.722873189038909,5.40975156783092,0.642295619121391,0.98345913820738,0.850309259264904,7.72194166842734,0.452109068919635,0.0626949652938209,0.982839450606728,0.991545832140953,5.50230669975281
"C_hpom","alfisols",3,26,0.641050182449242,0.749616457754526,5.85529942758766,0.640487151840552,0.985695646495027,0.766069153055533,7.64498197882282,0.426048338714848,0.171058349331952,0.982492211607028,0.991611434927316,5.34474062919617
"C_hpom","alfisols",4,24,0.709174633052345,0.817895298265818,6.9955483713289,0.775633967263402,0.533261501570934,0.994333111040559,1.01922392065559,0.258904138504042,0.0273876104804831,0.0149800980196463,0.68248285047061,5.27768659591675
"C_hpom","alfisols",5,22,0.698247619195976,0.795731747294754,7.21518032196876,0.579247989749069,0.448354564255144,0.816411928594225,1.05340560870682,0.491045936443261,-0.168470076991537,0.0778682655793738,0.644126781327366,5.19161367416382
"C_hpom","alfisols",6,26,0.626053467485468,0.656754712307703,4.73311943552616,0.651681551695476,0.993303349486425,1.04841852199508,7.12248480509271,0.607758995222131,-0.275232949200803,0.979829291270232,0.988734176917282,5.19979524612427
"C_hpom","alfisols",7,15,0.665640763076742,0.919389057222606,5.31782235733138,0.467329719257219,0.975494199941946,0.812965309110739,5.94362459393573,0.598393983787732,-0.128704284662498,0.971034470048487,0.984429603379868,5.31369638442993
"C_hpom","alfisols",8,26,0.706859621716996,0.728533492857405,7.34218607042187,0.654136240368123,0.971929901676346,0.789340664964556,4.34889635007357,0.559581568649873,0.244710667648243,0.94589640705708,0.976347511516906,5.49949216842651
"C_hpom","alfisols",9,23,0.773684418425566,0.702216027736764,6.96429513947964,0.635807429430203,0.969677775342626,0.868236624723428,5.55330635038904,0.493344351992114,0.049657540496784,0.966819650477583,0.982250817881517,5.23456263542175
"C_hpom","alfisols",10,25,0.782408133707654,0.71864302492252,7.9725856236175,0.606652677171678,0.706090635300652,0.748925920524738,1.42646426526232,0.577180283327797,0.215932677535369,0.497122241471016,0.80704199548271,5.05535507202148
"C_hpom","alfisols",11,26,0.604088787293083,0.84940453406731,5.15633395498721,0.453726510211282,0.981426902996443,0.841725269454012,6.96342406832393,0.889126327388807,-0.0979652235916775,0.978897275343526,0.988838546990575,5.07469868659973
"C_hpom","alfisols",12,15,0.688123265590672,0.813269385359458,7.03745706032266,0.616705493319806,0.746581591833157,0.734051869952384,1.50161817655484,0.405214130193953,-0.12491471594068,0.546199272628628,0.831689497680464,5.498774766922
"C_hpom","alfisols",13,29,0.52757411006857,0.871903071176347,4.49466024484789,0.492781645350002,0.989112669806889,0.851705584314451,7.68259734327946,1.00041896893964,-0.18964297481732,0.982663234398895,0.99062325486407,5.40377187728882
"C_hpom","alfisols",14,24,0.663771793541853,0.822453785453284,5.90166282211214,0.558267194608323,0.976018318181596,0.761675375094811,6.45302726579304,0.535690385092482,-0.109618416336484,0.975427054317654,0.987685589789794,5.33120036125183
"C_hpom","alfisols",15,24,0.696755412061699,0.701214284690039,7.07472420557119,0.679883208184695,0.976589314550383,0.722753940601595,6.44058017323384,0.490660915255365,-0.147394301092936,0.975331982980612,0.987347140010884,5.24335694313049
"C_hpom","alfisols",16,15,0.623547933906725,0.970306773447207,4.61591916778541,0.425372337177091,0.974506246298784,0.924573906288179,6.16069034130388,0.670272333866669,0.0375709901951507,0.973039654051285,0.985822208888519,5.32470345497131
"C_hpom","alfisols",17,25,0.712148663286651,0.574286868495138,7.6440027439614,0.76460859822658,0.978424182593565,0.890339742937697,6.5702585160883,0.434305943958135,-0.190301785639015,0.976296127347656,0.988417974760115,5.60968899726868
"C_hpom","alfisols",18,15,0.659627490367729,0.833202931889843,5.37103009446412,0.494504329894117,0.977180943054687,0.891367599282264,6.38371492882839,1.1244752622903,-0.0461239012531913,0.974890547046841,0.986688980383305,5.54137635231018
"C_hpom","alfisols",19,25,0.652626653491426,0.738185711096918,6.05816270636921,0.522958002568701,0.991216211235296,0.543602065313822,10.4934376406883,0.885569823437093,0.0325054696442264,0.990707155951234,0.995230642856957,5.25499558448792
"C_hpom","alfisols",20,16,0.624137186541657,0.871708437218719,5.68652741413037,0.62997502553966,0.966556751995826,0.870395452475476,5.35793382848551,0.368089239309332,-0.215989261926425,0.964355746019765,0.981964336465264,5.22483396530151
"C_hpom","alfisols",21,25,0.719854532028642,0.742544211158662,6.54267364726988,0.587494577352226,0.962435468784902,0.947879005841752,5.17260325729137,0.47725382112274,-0.102649549791942,0.961755773379926,0.980815239841051,5.12728786468506
"C_hpom","alfisols",22,23,0.686523272999359,0.7340522235756,7.27980607479317,0.849170338267905,0.98204323601064,0.668080053142097,5.15148176866591,0.425915298116944,-0.0872189678311943,0.961441521673311,0.983113696261691,5.34074521064758
"C_hpom","alfisols",23,17,0.656464087362474,0.774226501796631,6.40907816885099,0.534748402488489,0.923376474508633,1.31440231800377,3.53826211247894,0.471121531070083,-0.283924828906496,0.918265724605459,0.959127425786313,5.01895403862
"C_hpom","alfisols",24,22,0.572072997751668,0.700284264102199,4.54704212082116,0.506252090291524,0.982202594247438,1.11452374728692,6.58877573745584,0.96905921487015,-0.307689873919594,0.976429175757924,0.987369406674673,5.09357738494873
"C_hpom","alfisols",25,28,0.711629832631231,0.818258566593753,5.97296669972097,0.773290138145473,0.984404164275149,0.636112092395698,7.58290359794571,0.534046544722308,-0.0518739587996871,0.982204378858174,0.990615888606783,5.02471017837524
"C_hpom","alfisols",26,23,0.712576042341125,0.759356800089097,7.09477489143628,0.57115708972266,0.972206582905852,0.678948443986578,4.88541102020981,1.0036122603051,0.256926040405355,0.957127184454709,0.980339888433472,4.99631643295288
"C_hpom","alfisols",27,23,0.666423309778531,0.753019657432085,7.08813226344559,0.592911703025851,0.972048560993295,0.619033294354587,5.65289475529877,0.665736732189301,-0.123684190548822,0.967978444763983,0.982909095639236,5.0211079120636
"C_hpom","alfisols",28,25,0.692518015920823,0.768667014912724,6.37122126093747,0.539543530493616,0.968446510713274,0.90694320025257,5.30600791366238,0.924390289564469,-0.112509693492165,0.963654685253461,0.980309449279789,5.21214747428894
"C_hpom","alfisols",29,18,0.562716142721404,1.02467371309266,4.36196422228867,0.464658397025691,0.947780014592403,1.31256394818442,4.35217890815846,0.294889624642972,0.216964767011476,0.945977989737826,0.971798692074547,5.25019598007202
"C_hpom","alfisols",30,15,0.606519697641521,0.878228146690396,5.6217219239312,0.538324263212971,0.973839609359804,0.78879865541711,5.97182924332657,0.516321870864038,-0.18584486679682,0.971307429420499,0.985042408618561,5.11038112640381
"C_hpom","alfisols",31,27,0.659644029205913,0.924644856063889,6.20442119096605,0.512344687685438,0.513996959852754,0.628547913931882,1.23667021457208,0.590161027151544,0.0404730633077675,0.330922509703416,0.709862844806223,5.19198417663574
"C_hpom","alfisols",32,25,0.663985642541691,0.78835029876938,6.26794653095413,0.566339821519633,0.982925834751423,0.609086288531582,7.71695830221868,0.702223310643156,0.0437447958672507,0.982817279976593,0.991374641065643,5.2175829410553
"C_hpom","alfisols",33,23,0.699721659303196,0.73659075308473,7.32926507082352,0.868238825048669,0.948010548277535,0.76924363790508,4.19841975367382,0.415703291834646,0.100048656124836,0.941948625456451,0.97227261186956,5.10340929031372
"C_hpom","alfisols",34,26,0.604617778805818,0.892655379621185,5.97896585595111,0.483880151132121,0.97176565746791,0.623938235624482,5.61788659399962,0.816978117216702,-0.104724234656277,0.967578113220491,0.982609199856602,5.05618953704834
"C_hpom","alfisols",35,23,0.686538329763346,0.768737650224327,6.93621646839035,0.620399225094319,0.967143844474114,0.81054547370708,4.33426077477842,0.432519943509911,-0.0223825200895499,0.945530405030507,0.976085464791425,5.14287209510803
"C_hpom","alfisols",36,25,0.679842873285026,0.618392624721936,7.8960499119339,0.749131448177129,0.975131472799012,0.848345931577402,5.71117966305042,0.436343664443243,-0.1005840086277,0.968628695659015,0.985313562034135,5.19716763496399
"C_hpom","alfisols",37,28,0.70828998461596,0.669459717820674,5.85540850767306,0.578899804848022,0.98123397070583,1.06087419338344,6.16790399352099,0.755961995778454,-0.156547113239743,0.973102679945108,0.985206286680557,5.05195713043213
"C_hpom","alfisols",38,27,0.614090319110285,0.675549888002963,6.52157581515083,0.708215427160135,0.982524608552957,0.811532970089733,7.18338496066462,0.489098874758116,0.121427474756406,0.980169852766373,0.990432152234077,5.07987189292908
"C_hpom","alfisols",39,23,0.746824030348292,0.780738195379382,7.34867074316613,0.802716289799891,0.414559133792213,0.745918504676233,0.823777891759318,0.417919388037315,-0.018418476957136,-0.507870192612367,0.578002467636992,5.2515275478363
"C_hpom","alfisols",40,23,0.735762675264357,0.62201652980072,7.08000429349068,0.69378110439968,0.986243530710628,0.786645255197242,7.41646680905053,0.81080051114028,-0.251077336737183,0.981396695016244,0.990143990552075,5.13797783851624
"C_hpom","alfisols",41,16,0.661572385873061,0.838271718915165,5.29173298550576,0.742592671270827,0.985528902687082,0.696884913541389,8.29547823632655,0.423629162812213,-0.0968622208826069,0.985130328836859,0.99259386145682,5.11041784286499
"C_hpom","alfisols",42,19,0.719732055760788,0.718259495718797,6.76238615816718,0.764562874940392,0.980876437360541,0.70835303979506,6.92147058922974,0.448185956951425,-0.227420938587008,0.978640677886819,0.989316673617677,5.12244558334351
"C_hpom","alfisols",43,30,0.619847882014682,0.690327766144514,6.35705128927138,0.68681263198784,0.985482466042126,0.815140864621061,7.18876953833919,0.456149827763638,-0.0442759525860089,0.980199548245725,0.989281872166494,5.43476986885071
"C_hpom","alfisols",44,22,0.697524167508825,0.729525693556479,7.3328354192494,0.60866730112724,0.967259082712258,0.814610037484488,4.21415136012494,0.488783116065621,-0.0697996582671485,0.942381232980906,0.974949551612384,5.16907072067261
"C_hpom","alfisols",45,22,0.801860590086828,0.666012692803642,8.59699664322959,0.727881679640789,0.63686579680447,0.785132561402601,1.23123427793141,0.418352563818291,-0.0269204669436755,0.325001472933064,0.76223904139791,5.17130732536316
"C_hpom","alfisols",46,15,0.782556296430427,0.846203463955344,6.77660936745302,0.806649551881321,0.339510484230454,0.652330530232949,0.806395832851151,0.429590774173834,-0.23381210502329,-0.573575811875734,0.514335576978884,5.13018941879272
"C_hpom","alfisols",47,28,0.553279533749237,1.31067673435856,2.46375010757819,0.329420257628441,0.991528613234224,0.729283888977592,9.95564466120475,0.655758658909157,-0.0240441111765558,0.989676060607351,0.994589047700362,5.16897511482239
"C_hpom","alfisols",48,26,0.694064434398424,0.812336710163766,7.06804287357497,0.529948049391012,0.41202699805895,0.753263973096256,1.09558360883123,0.597715686108443,-0.0448039855037805,0.147502392732509,0.634618667021589,5.09302759170532
"C_hpom","alfisols",49,22,0.600407361942107,0.84437868124684,4.58773790277254,0.514155863526694,0.990610455245042,0.768522735227776,8.58143288626856,1.16698696914176,-0.216585207234945,0.986104806458305,0.992618298251406,5.47357273101807
"C_hpom","alfisols",50,23,0.604280254728813,0.732018801496598,5.34602627057992,0.517583109512196,0.980520875441824,1.05014384720648,6.22269985975436,0.86782966202611,-0.34886213307565,0.973574299247397,0.985841022434234,5.17362451553345
"C_hpom","andisols",1,24,0.867504285555328,1.09982759854739,4.88464918162617,1.92612914542052,0.965865518186989,0.942219732278926,5.28515494434001,2.25630150501949,-0.226419720209139,0.963603205497869,0.981754949369731,5.65045762062073
"C_hpom","andisols",2,30,0.891161416298159,0.750592305677462,4.61983924308151,2.57257873268122,0.968143228700746,1.44959493215899,5.43844755029306,1.67164464792308,-0.130788852792644,0.965626108980281,0.981694839361336,5.9170823097229
"C_hpom","andisols",3,28,0.889014755240764,0.89420159333309,5.92743481989545,2.6265249106139,0.945517306183349,1.27279450658851,4.06439826526102,1.41866925937619,-0.105976747936009,0.93845595032512,0.965701552546911,5.37706255912781
"C_hpom","andisols",4,10,0.82233398513091,1.05575123401689,3.37102303075614,1.8006247269701,0.976799630140098,1.75168868335485,4.44005547767085,1.54106034117316,-0.317702431282515,0.948429446640797,0.969361943970219,5.72054409980774
"C_hpom","andisols",5,17,0.820782942814863,1.07933696073002,4.00943031831401,1.89766367874094,0.975526922633021,1.14643858047689,6.02142748263541,1.71459570837395,-0.126995809752798,0.971959893178013,0.984983768482561,5.41417050361633
"C_hpom","andisols",6,9,0.824905249913769,1.17187839730346,4.39446174788359,1.58341271310209,0.957350538179431,1.20267902239861,4.58030834568771,1.97879785518636,0.41061900653513,0.951539359109683,0.975669926056019,5.35152840614319
"C_hpom","andisols",7,24,0.824971343332693,1.08123276697812,4.29063142833181,1.82774551452342,0.973865165800518,1.13846284031751,5.68311231235738,2.00050500494581,-0.24697588059797,0.968522074230196,0.983057870677738,5.33858299255371
"C_hpom","andisols",8,27,0.895639805395089,0.966671374446746,5.54685695098958,2.29680758755344,0.964759857484294,0.936260312142633,5.36715075577556,1.85537847484382,-0.0340221755266521,0.964706803327309,0.982083252686407,5.61065363883972
"C_hpom","andisols",9,16,0.880931798296635,1.11088839610789,4.7490635015649,2.14501776312422,0.952268293480355,1.14449567565634,4.54704958075629,1.40549999813456,0.194625141948332,0.950827849167442,0.974950584772183,5.38294720649719
"C_hpom","andisols",10,23,0.8929421020733,1.08132502444498,5.61454927902504,1.97358521883407,0.794258608388942,0.957422269964896,2.13009002145799,1.42141904642546,0.103954483409659,0.775930539324826,0.889955852853801,5.520827293396
"C_hpom","andisols",11,26,0.887488054813727,1.11920586372684,4.78084091227981,2.01448165218894,0.979289932161539,0.748349325490833,6.6937957553961,2.0901165762047,0.0518379649565169,0.977310043095521,0.989022974771275,5.74059629440308
"C_hpom","andisols",12,28,0.894368276317313,0.978352340585836,5.35493259126659,1.97565589084459,0.968675731893125,0.999197759432883,5.33027736533166,2.21779712682477,-0.316323414546258,0.964216817150241,0.981344246648486,5.44118642807007
"C_hpom","andisols",13,23,0.902508959298588,1.03006468291066,5.91070361917867,1.8692867830971,0.791612164863085,0.962627660470583,2.20332640531953,2.44037962596213,0.0397177101481075,0.790578673454331,0.886121578675339,5.39519739151001
"C_hpom","andisols",14,28,0.909555782213922,0.876878650365769,5.94442173892654,2.53504870551103,0.953209618134274,1.16021103028173,4.63264876829605,1.4941397597117,-0.127942451536896,0.952628205657126,0.975814495744681,5.42979073524475
"C_hpom","andisols",15,25,0.925973288259362,0.939406127780559,6.37806020033749,2.12964628485725,0.864951280674314,1.00331410244029,2.69137633995513,2.2333503282272,0.0192489007602757,0.859644406728688,0.930001053917546,5.50713896751404
"C_hpom","andisols",16,26,0.877746198206294,1.06293769516571,4.99605470740989,2.08086012478388,0.973677349386838,0.852270820176148,6.04575953018532,2.26260126986566,-0.194716532728006,0.972185142050285,0.985839756238627,5.31429815292358
"C_hpom","andisols",17,26,0.832076618611569,0.956636620636823,3.77303875337524,2.01276666182633,0.980933837976107,1.08435801477543,7.14692365576963,2.30374225667282,-0.151993567214888,0.980096002945625,0.990167400425812,5.78681397438049
"C_hpom","andisols",18,27,0.891918467639192,0.902097523972555,5.37365125257166,2.54539841201233,0.969831164183911,1.10285428380257,5.57077919153143,1.02414971459838,0.0176933252945644,0.967239788627922,0.98419314172364,5.71547865867615
"C_hpom","andisols",19,24,0.888939104822157,1.12564195833685,5.39825467789708,1.97033669860438,0.838976010275477,0.874667896388301,2.47991436257924,2.19459029870217,-0.0546664468093627,0.834687681487323,0.904598251737622,5.66101121902466
"C_hpom","andisols",20,25,0.884563220787456,1.1169643723201,4.76713415181296,2.13745987935217,0.974625043423107,0.807690154466687,6.30715677043351,2.22617308141789,0.0450340260631911,0.974442914094994,0.986926641597799,5.79157853126526
"C_hpom","andisols",21,27,0.921911714697364,0.8538533252497,6.85185858352232,2.62706047241079,0.893755533869287,1.1898008084484,2.87981214712196,1.53638455867571,-0.000273352209802646,0.877411348951733,0.943030363669989,5.64031314849854
"C_hpom","andisols",22,23,0.881936657294522,1.07321143273746,5.11648130081771,2.345368105686,0.964492856161541,0.880023807783719,5.26700311365032,1.46259414644874,0.14231743260652,0.963351902478709,0.981611645858948,5.56616616249084
"C_hpom","andisols",23,25,0.856660229788061,1.08052633962574,5.16554478710683,1.72349163940329,0.950598396276823,0.981203261158641,4.5043999218746,2.47574571565478,0.0391981982679651,0.94989227329037,0.974948013781769,5.39893269538879
"C_hpom","andisols",24,25,0.867497480243182,1.11894387457114,5.22722767206225,2.05317289562939,0.935220909127262,0.86660792224505,3.92963066114247,1.72503103378887,-0.00162513487426902,0.934162229282208,0.967068016151057,5.33712816238403
"C_hpom","andisols",25,28,0.893540270871987,0.941178965159486,6.27887618920094,2.1182238355297,0.898088933132131,1.13399010101424,2.77209179482116,2.15729416668803,-0.234574757099771,0.867698925954604,0.940618922808687,5.47408366203308
"C_hpom","andisols",26,18,0.858790136716809,1.08081393360891,4.94011220669298,1.84456145087171,0.966466900391047,1.15032152186918,4.41573865671663,2.07355935245318,0.194876419235772,0.947859899892396,0.976757368560751,5.3495237827301
"C_hpom","andisols",27,30,0.873381104254709,0.829491064281344,4.98301977897053,2.29779321269883,0.975281509242569,1.11884457901966,6.38201838326809,2.19640459996082,0.0149327997837471,0.975038971108767,0.987556855297972,5.33244490623474
"C_hpom","andisols",28,26,0.920401542919001,0.998361559699712,5.80908567593292,2.36299191868883,0.923191524250644,1.01076408976183,3.46302810963207,1.34640542119049,-0.0695428632192154,0.915225243483565,0.959601323686049,5.55287051200867
"C_hpom","andisols",29,28,0.897773348649859,0.952917862278524,5.97007981356558,2.5221601883432,0.934264419190759,1.04869745507689,3.84839783054012,1.74113074381984,0.0857077757193761,0.931353458419533,0.966235930242071,5.63827633857727
"C_hpom","andisols",30,12,0.897619629301239,1.0898865527383,4.8978516700471,1.88408530900837,0.947543246648896,1.17887910017868,4.31209098383286,1.7463174210892,-0.146792019943643,0.945323242317639,0.970887323938398,5.51707363128662
"C_hpom","andisols",31,29,0.903621656580053,0.876989361023398,5.96519840748114,2.47553869121803,0.964219986887973,1.09976962305514,4.85815883682993,1.42948216339412,0.244427471203019,0.956924020180458,0.97962710979694,5.4348840713501
"C_hpom","andisols",32,25,0.851084204962985,1.09387649361583,4.9395659088471,1.97471290187412,0.969085968514529,0.908734491491265,5.41168988274771,2.20149155636977,-0.234246642680233,0.965285350725205,0.981717759966332,5.36449432373047
"C_hpom","andisols",33,28,0.941419833191119,0.767020394986905,7.30263547859353,2.63961647660564,0.932842193267848,1.116379279704,3.8821545689692,1.86341867662714,0.0265945094007864,0.932542081128229,0.965660076944582,5.84045934677124
"C_hpom","andisols",34,19,0.871465378975747,1.07017905869184,4.15458420817441,2.22763560746003,0.971793171153522,1.19732324771048,5.68750363459689,1.35903178453398,0.0843703011917976,0.968570663685526,0.983156723925628,5.48803424835205
"C_hpom","andisols",35,27,0.86239819047262,1.02812580790314,5.60183934412746,1.94918027744792,0.942687439665958,0.963183001600835,3.96468903175854,2.56331960374773,-0.160391978909507,0.935321442424351,0.969140927981176,5.5563108921051
"C_hpom","andisols",36,13,0.821201821014033,1.07472234193626,3.75640072531738,1.66789695352431,0.968740524168378,1.32680388187798,5.4893147779265,2.118396673683,-0.00923648387845114,0.96626021479221,0.981988333174965,5.82472133636475
"C_hpom","andisols",37,13,0.827415333984437,1.14651457571853,4.42525813266768,1.65754593334237,0.968385407493277,1.03693224420973,5.47565257428568,2.02676754603353,-0.0107012998558154,0.966091637667793,0.983578442497318,5.49553751945496
"C_hpom","andisols",38,27,0.854354507860932,1.07692642318003,4.47561380067063,2.10710443272378,0.9811141954378,1.07864174170734,5.7434116203174,1.65917316269183,0.269056453633454,0.969179569576573,0.985949361203716,5.66439771652222
"C_hpom","andisols",39,29,0.934528296486328,0.779791501120396,7.26737484746962,2.37483932864008,0.926501300175088,1.13619905441946,3.63021081303073,1.95335376434898,-0.100482340677757,0.922853737170196,0.962120366056398,5.82558441162109
"C_hpom","andisols",40,25,0.898404072786049,1.05358271930299,5.7867886294133,2.13266525620929,0.861047992790772,0.763600416474707,2.47761317739067,2.65132219197403,0.0354837433453273,0.834380457643811,0.924333614187654,5.51939415931702
"C_hpom","andisols",41,28,0.872998846953812,1.02622766703989,5.03258670860202,2.12926800278429,0.971015634414683,0.941964358768163,5.81941122429339,2.02552951419003,0.025915026944447,0.969979322444024,0.98524652733861,5.68812704086304
"C_hpom","andisols",42,19,0.872551969946851,1.05748477875257,4.80155129306293,2.07321402780492,0.970071728538353,1.09801590481638,5.1789008581086,1.73250942145335,-0.0613341872321408,0.962094398707392,0.9789823180355,5.59850740432739
"C_hpom","andisols",43,28,0.910162694878012,1.05276601010018,5.79654797972531,2.26820955187637,0.774054693172833,0.966321677599473,2.01551015672907,1.81983529994749,-0.223127703386296,0.749730110091997,0.87387400172792,5.55751204490662
"C_hpom","andisols",44,25,0.837377555825264,1.08117048600208,4.37298318079585,2.08535074411536,0.974243237602258,1.05165302350308,6.04861696813757,1.90701199462118,-0.225668827279259,0.972211415976275,0.985553586295874,5.65082812309265
"C_hpom","andisols",45,24,0.904198645313288,0.784607106816587,5.50067531962948,2.28408811165527,0.965176370994856,1.29589633142448,5.35103634440873,2.01958124777091,0.169737124841832,0.96449391542884,0.981787762306377,5.78848814964294
"C_hpom","andisols",46,24,0.931182833889278,0.784867908505612,7.02853384504288,2.83833055327943,0.92854210309627,1.37129884420712,3.35094326537017,1.35095039117541,0.284900219750154,0.909459177620107,0.958591257714353,5.35734057426453
"C_hpom","andisols",47,27,0.912009764099526,0.913836793566157,6.39821308378794,2.46138882603129,0.892419946120881,1.12308615107032,3.04381203557753,1.56581603140958,0.0600475283608096,0.890265566812814,0.944458547628089,5.71774125099182
"C_hpom","andisols",48,26,0.882612788344791,1.10211839322813,4.56431577556278,2.23922749149616,0.989349306459102,0.700361012599572,8.25846251572409,2.24939826983305,0.106958269666154,0.985093345667677,0.992028311734944,5.69827938079834
"C_hpom","andisols",49,25,0.924150281633794,0.902008334558242,6.18953438072386,2.45769693035676,0.943171130763904,1.04855303338896,4.1677974010775,1.61215220992349,0.138814495774007,0.941471770654121,0.970674852049699,5.4299750328064
"C_hpom","andisols",50,25,0.861447150162997,1.13086914239204,4.77714253161177,1.77357017254671,0.967537936843686,0.885915861514704,5.55414371436806,2.44840875327752,-0.0382959617778302,0.967043251438229,0.98289870770658,5.48456025123596
"C_hpom","histosols",1,10,0.909443296840769,2.79028714965635,3.79943609220307,3.08912973564802,0.756691273903169,3.90726659354502,2.02973857242442,2.17278377652175,0.298228407631525,0.752777086795908,0.852335766700075,5.4628381729126
"C_hpom","histosols",2,11,0.886007067945879,3.28590593787648,3.2221978223392,2.97067366338194,0.817887114062918,3.6245010771449,2.25891519075924,1.64654331533571,-0.442502622361193,0.800396074655762,0.902812459364943,5.46942186355591
"C_hpom","histosols",3,3,0.847255817894423,3.41480088159899,3.00532529684115,2.54881225048896,0.846264386061673,3.46401712546552,2.54036116171369,2.04409878286859,-0.437602276438955,0.842174199470174,0.911228557732633,5.39276099205017
"C_hpom","histosols",4,10,0.841273540731414,3.2459273370204,3.02285197411539,2.56008373484664,0.891777171320584,3.35476097034239,3.05765326433986,2.74675433554347,0.229699618344023,0.891058723611118,0.943255925323191,5.34177851676941
"C_hpom","histosols",5,9,0.799639570184423,3.72765934330945,2.55565827046946,2.12913586490812,0.944390182121322,2.47828311626397,4.2508541488014,3.56480330557156,0.112948437415549,0.943634090188842,0.97027246404477,5.22212839126587
"C_hpom","histosols",6,5,0.814658391913059,3.56851341305323,2.64524201082637,2.39726619457501,0.9391124059254,2.86404379183444,3.85676554112936,2.78967344974935,-0.780465344423023,0.931526511670734,0.966537878663356,5.42092823982239
"C_hpom","histosols",7,9,0.84156450272547,3.52169495668794,2.89518630369862,2.45637488947528,0.908253632443858,2.84135126294757,3.25695442524076,2.0942579865423,-0.384058636988934,0.903983567279923,0.952201200965771,5.4023609161377
"C_hpom","histosols",8,5,0.864496434750928,2.92437239555718,3.12514425847027,2.5458778236694,0.849550043207421,4.45058092333542,2.58111887915732,2.25617535732272,0.559950673896234,0.847119211185145,0.917741153222818,5.28587889671326
"C_hpom","histosols",9,3,0.864027326870181,3.23784284998621,3.10076344443341,2.79048560681025,0.832107119465142,3.98692356267392,2.43981575845072,1.32048059794483,0.0967206445600235,0.828898086833425,0.901303578801026,5.25083470344543
"C_hpom","histosols",10,5,0.847587948883744,3.27712048990733,2.88790464195142,2.38895303181891,0.879373060766584,3.74044213985353,2.88381060368576,2.76262824918464,0.138218964733289,0.877528380460423,0.937453126487049,5.50243043899536
"C_hpom","histosols",11,6,0.897527560132614,2.75065110576168,3.5209533270411,3.06841147258581,0.828903921804637,4.37807830498895,2.39790158447486,1.92528260867213,0.763342284550985,0.822864250054621,0.905902973899295,5.28155207633972
"C_hpom","histosols",12,8,0.88251879873249,3.29963311956737,3.19486142264191,2.79190788677981,0.839331648244647,3.42735265682327,2.41430797403718,2.11721000771651,-0.0894981655494426,0.82526351624241,0.915579251743803,5.39495515823364
"C_hpom","histosols",13,3,0.794593006999102,3.76071366993403,2.58915523997155,2.27933179373116,0.949625466505949,2.49745372399323,4.16185760403532,2.99213608172556,-0.501603732016953,0.941197675315193,0.967470638648457,5.39924883842468
"C_hpom","histosols",14,9,0.863250187253357,3.35545786138173,2.98148687548491,2.59000242858699,0.890058298315422,3.3094963548599,2.96712920864475,2.3685889103606,-0.203780460490486,0.884309949128403,0.943105961013471,5.52664351463318
"C_hpom","histosols",15,6,0.886039531903198,2.81524302097106,3.50330603549453,2.91279390408417,0.805463243145858,4.44121217496691,2.28116522734757,1.94590586523023,-0.117601486442485,0.804270879794773,0.895050382121418,5.17088723182678
"C_hpom","histosols",16,8,0.83763413780273,3.48546182054602,2.75447897559538,2.49637557603111,0.903076374258458,3.48942084241607,3.07139938755059,2.35002399547834,-1.11056178560956,0.892031680185793,0.94426771327679,5.26940059661865
"C_hpom","histosols",17,9,0.89536395157679,2.93819375902204,3.46807663925515,2.89312171768732,0.822214313325756,4.00524121722404,2.33789927393292,2.26619418475147,0.245107166590351,0.813655174535624,0.906438843011982,5.54346346855164
"C_hpom","histosols",18,3,0.841473863419867,3.60486055254974,2.87040249776827,2.66216876633749,0.897026469554444,2.9380664639279,3.04315663333827,2.16332674499905,-0.446122774959072,0.890018328210608,0.938144970341026,5.52553725242615
"C_hpom","histosols",19,10,0.835675588340917,3.41843209642328,2.89770578725867,2.37404625456545,0.882273276342258,3.456978219427,2.90531374876048,2.8027506842684,0.263574282763668,0.879334573838521,0.938880817460498,5.2773323059082
"C_hpom","histosols",20,12,0.886131352047106,2.95608771670158,3.42879314017253,3.02801343628181,0.809022126093927,4.26417935598917,2.2151861522692,1.27904361535346,0.337332378148798,0.792437700241937,0.898662284456658,5.40941309928894
"C_hpom","histosols",21,9,0.821914320869423,3.24095063033752,2.64302208800419,2.47374846903023,0.911367811788541,3.71425024897581,3.35488941763792,2.4972058930487,-0.309814636576003,0.909507515883504,0.954307061822407,5.44921588897705
"C_hpom","histosols",22,10,0.857276932325031,3.10981533405354,3.04972714075788,2.332782783132,0.867267459184551,4.07961477585041,2.66685507189328,2.8178248466128,-0.282905200080509,0.856791070031367,0.915441741138847,5.4045262336731
"C_hpom","histosols",23,5,0.828802676950483,3.15979320236206,2.88268347047291,2.26680101870138,0.899020584003109,3.67097249328181,3.16595332465102,2.78451743065548,0.114457482595117,0.898384510388994,0.947719118749712,5.38309597969055
"C_hpom","histosols",24,8,0.851418180058267,3.25330308290707,3.11839113695996,2.72138359211487,0.874780206388379,3.38742783251024,2.76531739905392,2.32507894025406,0.790523455455112,0.8668077494346,0.931155458238577,5.55191230773926
"C_hpom","histosols",25,10,0.815978343761541,3.56614693346847,2.58918448412001,2.41705099812489,0.930064296148942,3.03281358460046,3.77363707613668,2.65545192124327,-0.446342764768167,0.928476514700284,0.963215226452686,5.26925301551819
"C_hpom","histosols",26,10,0.908615315412121,2.60094657353202,3.72816210438071,3.2017179840382,0.790782121193711,4.85129013185065,2.16245350397512,1.78455645193445,0.793479330974732,0.782191224645994,0.88498198831845,5.20504069328308
"C_hpom","histosols",27,6,0.880938738739167,3.10647482739384,3.39496710045021,2.82874372343527,0.788345294480202,3.81660634300131,2.16234152640948,1.97594138804202,0.519289573783384,0.782168665464056,0.872821508934752,5.43946623802185
"C_hpom","histosols",28,3,0.803653650519299,3.29920556589116,2.85917186408898,2.66480555376525,0.89838131882449,3.65079612651361,2.99817253116227,2.62773088596467,0.210590562752362,0.886693274758724,0.933682762751799,5.25500178337097
"C_hpom","histosols",29,9,0.90806175190882,2.69789962281608,3.7857880989,2.93960123754413,0.775055491577593,4.48858233953718,2.05495316073504,1.90207001435565,0.859204522101487,0.758806791353551,0.875930443375372,5.31673336029053
"C_hpom","histosols",30,9,0.828138552255085,3.39554852107048,2.76332156496043,2.30117831375787,0.91479930643807,3.20012198984986,3.41479815744791,3.15353012072939,0.420385105161153,0.912654838364253,0.953271793994173,5.58649635314941
"C_hpom","histosols",31,5,0.866935766263764,3.05848532196433,3.16444485055503,2.75832009374554,0.870044181252906,3.76725793310038,2.7977253848054,2.15029407565234,0.13441350130351,0.869875593136707,0.930542909707352,5.34895873069763
"C_hpom","histosols",32,10,0.855906469627333,3.33771511027742,2.98942969621922,2.6135533221932,0.890956673038289,3.34007346958217,2.95099658620857,2.3657100425963,-0.410489057488192,0.883041573875782,0.942875503726721,5.29464244842529
"C_hpom","histosols",33,3,0.775861486596117,3.5836170664059,2.41473699694496,2.14831114271962,0.945362609798504,2.82155315086716,4.26767108825479,3.83367389576751,0.110422737572297,0.944077439476408,0.970243657514979,5.44972944259644
"C_hpom","histosols",34,10,0.887275529079979,2.72435891634388,3.48827547667815,2.89013541415706,0.834723268970904,4.44339498461392,2.42440872702028,2.26503492933894,0.937364321675608,0.826716483611154,0.904403854413038,5.42595529556274
"C_hpom","histosols",35,8,0.928222351470061,2.31731603477135,4.18770457490557,3.53737412894949,0.795342952811999,4.9007863809766,2.14083467264894,2.13672238411527,0.826837449710925,0.777770008404702,0.889051294162073,5.2821261882782
"C_hpom","histosols",36,10,0.861649841577937,3.44664746588332,3.05863506259695,2.69091062454311,0.880033663589198,2.87209465693773,2.88248368126685,2.0701066748055,-0.288313878203572,0.877415597346538,0.93722489214802,5.50632190704346
"C_hpom","histosols",37,3,0.846795415414183,3.34652027637342,3.03299243193051,2.43477770104233,0.856673611118109,3.55102736475735,2.66420068285604,2.47201079527582,0.11443718140098,0.856505564827253,0.922385120643889,5.23454427719116
"C_hpom","histosols",38,10,0.89003471409852,3.13722150736828,3.31283269716667,2.7574090766886,0.839163480142661,3.55123026455336,2.4751464733122,2.11667731462786,-0.383833132480588,0.833747907347732,0.914870645353458,5.30969882011414
"C_hpom","histosols",39,5,0.858713579838151,3.11995325435204,3.08268045302488,2.64409854650635,0.867388149540012,3.95888899846187,2.67371633468405,2.49633952450793,1.02810434801048,0.857525129459014,0.925371462540999,5.38674330711365
"C_hpom","histosols",40,10,0.915347352518617,2.60936665220741,3.79689042949196,3.2318737816573,0.807366723803826,4.39509329830925,2.28373569104863,2.05077110159808,0.43211096872319,0.80471123851039,0.889072125701907,5.33619832992554
"C_hpom","histosols",41,11,0.885123273358599,2.9207809384517,3.52072980101909,2.91187492976055,0.760226600251212,4.29302105884043,2.05874530702445,1.72591636482708,0.110014694691522,0.759694514141408,0.860857039959426,5.26265907287598
"C_hpom","histosols",42,10,0.887725054238681,3.07727211016507,3.31614321222014,2.74672311463109,0.83716963565426,3.73081637188598,2.48328763443537,2.42379191539486,0.160081790062109,0.834836195659762,0.906003144643148,5.42309284210205
"C_hpom","histosols",43,9,0.894785927890914,2.8099970624855,3.5761964704552,2.78980940929025,0.825303115804508,4.32036623917518,2.20946646249843,2.4482313372163,1.64845655391981,0.791361667962994,0.894222605224288,5.2464804649353
"C_hpom","histosols",44,5,0.874711448494032,3.02942335721892,3.26153790547422,2.52118048697281,0.839849538661138,4.07185414668378,2.4586781031523,1.95145429176815,-0.0871839529683413,0.831513316077821,0.916374237076125,5.70158886909485
"C_hpom","histosols",45,10,0.889748264038263,2.7368371390537,3.45509998078027,2.92116554394768,0.851516599405214,4.30056201076185,2.55110486708535,2.07635829867225,0.973221640563259,0.843500733265265,0.916002589345324,5.41379189491272
"C_hpom","histosols",46,10,0.844608605768808,3.38903831965475,2.96423191679169,2.68722131354589,0.901750116405971,3.03985609415081,3.19655413925785,2.00062029801411,-0.146044374725477,0.900320740982199,0.949376448527703,5.49250650405884
"C_hpom","histosols",47,6,0.85866667325329,3.28141095690216,3.02452008614071,2.49563781938825,0.895534042513103,3.27065628484462,3.03010903229376,2.33118028645502,0.390033630027189,0.88906913034518,0.94548345274092,5.52625441551208
"C_hpom","histosols",48,10,0.900693239007087,3.09206267597425,3.39767214864001,3.06364806528872,0.81723911806587,4.03053056880275,2.11012639688125,1.66483533010227,-0.548377395536943,0.771254800351489,0.897576555854434,5.74213290214539
"C_hpom","histosols",49,10,0.891775032968028,3.02732098681725,3.42457609194458,2.78769738053861,0.832287762705405,3.60206007389238,2.42890001986504,2.11484259666115,0.515846502035343,0.8273567301935,0.909416368824033,5.57996988296509
"C_hpom","histosols",50,5,0.875390223338121,2.98779034467123,3.3883377965572,2.69539335628523,0.827999038107578,4.07528761195961,2.30737548487585,2.2880970370374,0.917860221874476,0.808692330356197,0.905635769270172,5.74258327484131
"C_hpom","mollisols",1,30,0.901750409217746,0.264268540216218,3.26206539644843,1.82416947778037,0.900969195511643,0.302616911133016,3.14341371351539,1.54737708889697,-0.0119511011303218,0.898572770261338,0.944072820534301,14.0899221897125
"C_hpom","mollisols",2,30,0.903814184516419,0.268280450717844,3.27943892669988,1.71111811826648,0.906836232142569,0.278241569855635,3.2786862039662,1.87046482763172,0.00526109136421507,0.906769514823896,0.950825206328613,13.3466715812683
"C_hpom","mollisols",3,30,0.89557146633507,0.273560189800416,3.09965365185771,1.86867961443132,0.924121921016884,0.270423821036853,3.6253962707153,1.59468671563971,-0.0101222079091697,0.923748799871218,0.959722081469166,12.5077440738678
"C_hpom","mollisols",4,30,0.902441688504938,0.277119467917253,3.35553857962571,1.80017222806215,0.889510407135661,0.273861648328098,2.87709046881621,1.68399469336241,-0.00503152966946926,0.87892607707565,0.942174524524925,12.4700574874878
"C_hpom","mollisols",5,30,0.882099662749988,0.269289726346503,2.97015508714875,1.857794342129,0.92883587849383,0.294616952728752,3.62951097308601,1.49830224775426,-0.0162869012514937,0.923921590723607,0.957778169119859,12.5479080677032
"C_hpom","mollisols",6,30,0.906732831961923,0.268548670057832,3.32710635970468,1.82086937870403,0.899721427322006,0.278646421415881,3.16135349382933,1.67928692614221,-0.000187539942516964,0.899720645320286,0.947168395668425,12.3869140148163
"C_hpom","mollisols",7,30,0.894269455497624,0.273415179833831,3.13180699477019,1.8067923489114,0.920485540340807,0.272357616141807,3.53741518538735,1.69557189749949,-0.00283672791411962,0.919908656433692,0.957291991692068,12.6699733734131
"C_hpom","mollisols",8,30,0.886103921033983,0.277726881130215,3.12851954934894,1.69280133448649,0.918378233870818,0.267535649038909,3.49935067813852,1.79645744119171,-0.013467660732899,0.918156778027363,0.957182059201076,12.1598265171051
"C_hpom","mollisols",9,30,0.893777673615381,0.270633442724188,3.06234870438857,1.73954401296882,0.929276451130219,0.270617217366124,3.76028246230487,1.85851320693891,0.00829487541267816,0.929121141855103,0.962915425260834,12.7413606643677
"C_hpom","mollisols",10,30,0.910433997804668,0.274334552091044,3.44424416508187,1.73310272576315,0.879604108820319,0.277565571752505,2.68538920516569,1.86111799362717,0.0241702863315508,0.861022922995969,0.935255614305284,12.7915530204773
"C_hpom","mollisols",11,30,0.904685404200166,0.290465419157808,3.3269827750202,1.72115786261079,0.878600745668024,0.240728504321197,2.7951656618176,1.8330454727174,-0.00473304625306109,0.871724845626059,0.937131322311396,12.6958355903625
"C_hpom","mollisols",12,30,0.914309611716583,0.267972929724488,3.4874308201959,1.82713436951784,0.864367902330765,0.291401602116156,2.65688461165148,1.60294720965126,-0.00820011764880338,0.85802487361061,0.929627721987263,13.2205226421356
"C_hpom","mollisols",13,30,0.906297609293318,0.285729924289033,3.36731488769571,1.75282323419991,0.863967929111456,0.259362858814944,2.64784529008386,1.6826492505289,0.00864553255251528,0.857053858107528,0.929363201058273,12.7023277282715
"C_hpom","mollisols",14,30,0.903601659813815,0.272115254472742,3.2833321858999,1.6493141146005,0.902326947610277,0.275757784264565,3.19261359092798,2.14548005082743,-0.0222039453061439,0.901674778225199,0.948133170194804,12.0931315422058
"C_hpom","mollisols",15,30,0.904172739860878,0.279832708557252,3.2996751411465,1.85162884521768,0.905023858871789,0.248737571881181,3.22571630383261,1.72747651973244,0.0161886020058938,0.903682475452022,0.950971268272943,12.0223083496094
"C_hpom","mollisols",16,30,0.884378913683861,0.264241473807911,3.00662929973516,1.83648343693681,0.926578810899035,0.298423070501847,3.61614553074591,1.5620757108895,0.00203168168942892,0.923358172745079,0.957903092489023,13.0561723709106
"C_hpom","mollisols",17,30,0.892555757798857,0.268424189121072,3.12489265802013,1.72434735302946,0.913327651344095,0.293204464993764,3.39990712449276,1.80741066651652,0.00292718753133111,0.913299112368899,0.954483676139643,12.577850818634
"C_hpom","mollisols",18,30,0.900255023486573,0.279744659940073,3.19337038896751,1.68910116139919,0.91106529978553,0.267877259819023,3.28982221431469,1.79407672687367,-0.00246745187653396,0.907399614814828,0.954388255571541,12.1796860694885
"C_hpom","mollisols",19,30,0.900280426533965,0.270683439565637,3.22116996311962,1.81460594999162,0.913967165404696,0.27702925534326,3.35701957110442,1.66040904932603,0.0124878933709505,0.911069669865475,0.951062211715674,12.1521272659302
"C_hpom","mollisols",20,30,0.895545610118515,0.26035612226782,3.11695483869013,1.81421437639218,0.92225379914341,0.296261455765681,3.53983668239017,1.7049126461442,0.000860516657174601,0.920018195167355,0.956382026993219,12.5226027965546
"C_hpom","mollisols",21,30,0.901216906002249,0.262003720161118,3.23556088715675,1.88494499122494,0.913715865630975,0.295514542297603,3.31933204028493,1.59044986025316,-0.0182743968638277,0.909038784575643,0.949257911873199,12.4560227394104
"C_hpom","mollisols",22,30,0.886252365265222,0.267281992441401,2.97858823835839,1.7145500555952,0.929557672300771,0.294290410407163,3.64943617483602,1.78376810434875,-0.027087024772255,0.924750069088329,0.958422623868054,12.5759568214417
"C_hpom","mollisols",23,30,0.886825098390281,0.271595271763107,3.08210666679709,1.71577620617216,0.919048693106494,0.285496727234386,3.50423243029775,1.80663225108199,-0.015897110373112,0.91838465105506,0.956607312118398,12.9119012355804
"C_hpom","mollisols",24,30,0.888399631579344,0.265434481061534,3.04150659910558,1.73252266683992,0.921367717344923,0.295295589031714,3.5697962020758,1.82362511497646,0.00331128613434023,0.921355056543354,0.959000328200475,12.0329730510712
"C_hpom","mollisols",25,30,0.904941129828574,0.257391576449286,3.34259124126648,1.86564539766364,0.900840151257751,0.303427749911779,3.14623336015999,1.60980702207369,0.000832550171480696,0.898754486468613,0.944255747472916,11.8652837276459
"C_hpom","mollisols",26,30,0.891554354718592,0.273934076498647,3.05287238090235,1.81737574004401,0.914311973595858,0.294443339318009,3.40863887432683,1.52991314404798,-0.0216907703507234,0.913742738601415,0.955402669760644,12.3970139026642
"C_hpom","mollisols",27,30,0.901842545942137,0.278185307855868,3.26241104358215,1.77937768825831,0.904573903246793,0.261552942398118,3.23479548390603,1.79356017064397,0.00500000721782908,0.90422239022305,0.948811742386586,12.8464770317078
"C_hpom","mollisols",28,30,0.904555793455872,0.273893821469048,3.26090140154743,1.71804410364612,0.905030256556933,0.271548187644758,3.24628388342954,1.83356518347071,-0.00205752380053951,0.904899092867194,0.949517241201744,11.7150824069977
"C_hpom","mollisols",29,30,0.901320717511057,0.274859320676418,3.20248591720054,1.71523259185749,0.906477125491199,0.278581940739396,3.27255225365508,1.75868552785452,0.00595001631815798,0.906419691770687,0.951103590394415,13.0500998497009
"C_hpom","mollisols",30,30,0.909161712499085,0.273423128170556,3.33291810155738,1.8205008966524,0.895375148889037,0.270631551218448,3.08791870205367,1.72761710670832,0.00941481938269922,0.894894380769101,0.94558189752777,13.2140629291534
"C_hpom","mollisols",31,30,0.901833411364646,0.28099710723166,3.28532002809162,1.6643553900163,0.897833548567896,0.259396167732871,3.1085535631427,1.97350463761354,0.00171802114850734,0.896285150675789,0.947455379992814,14.0452215671539
"C_hpom","mollisols",32,30,0.904754154973973,0.27658071844358,3.30320325625895,1.78526315130939,0.897676571974619,0.265805231848462,3.12562925145677,1.70147677062218,-0.00213638290019884,0.89741526861295,0.946797072215726,12.9707796573639
"C_hpom","mollisols",33,30,0.892892847024261,0.28897910487029,3.11266656143043,1.62501475741916,0.914391232916413,0.255390983210967,3.39339526418141,2.00918858233976,0.00151034593370969,0.912966038418994,0.956218992348537,12.3664898872375
"C_hpom","mollisols",34,30,0.901685464247449,0.268454340129767,3.33204740263037,1.77705359417694,0.897098093962016,0.282002681514067,3.11571032585534,1.6640605063771,0.000712171712163033,0.896761067884477,0.944575443131482,11.6543316841125
"C_hpom","mollisols",35,30,0.900138035794482,0.258238539182895,3.20981454878775,1.75565504836944,0.910333525149253,0.321964311900744,3.15069803529986,1.70702087835571,-0.0246573130733141,0.899041221693887,0.941447938564549,12.5615620613098
"C_hpom","mollisols",36,30,0.899666523533445,0.280031842966339,3.2958414083224,1.73968929690099,0.897163428903355,0.264401833488734,3.0516900178315,1.77501025165923,-0.00303896449609401,0.892384007183588,0.947057948754807,11.9001941680908
"C_hpom","mollisols",37,30,0.887417510387057,0.28645136457744,3.13565832873667,1.52579402316599,0.920460651705402,0.248300857626392,3.49549946323955,2.38369437446957,0.00727151415984141,0.917976334874764,0.959338347563993,12.7828176021576
"C_hpom","mollisols",38,30,0.903627351804008,0.272400533321124,3.30586331041433,1.72082476963216,0.909198716871633,0.263471448349709,3.2790538088535,1.90503130659453,0.021597073075636,0.906790417232291,0.953211289352012,12.4923934936523
"C_hpom","mollisols",39,30,0.903836254751451,0.292051632263975,3.31056589012308,1.67545399834548,0.890692492899437,0.23098389576581,2.90923833956705,2.05494053352207,-0.00260527714631046,0.881587092133121,0.943064194746607,11.9633266925812
"C_hpom","mollisols",40,30,0.896047080627545,0.282302371787921,3.15951105003359,1.67778524849173,0.918616779867026,0.259473752740518,3.40960968635178,1.85546792272844,-0.0170385429129403,0.913791851357886,0.957975510543943,11.8911066055298
"C_hpom","mollisols",41,30,0.903472098924905,0.275045566055761,3.34819317553025,1.68295961515757,0.887699459304858,0.274222904109673,2.96189815582297,1.9162363249929,-0.0179056798757394,0.885760206818875,0.941757899744381,11.344898223877
"C_hpom","mollisols",42,30,0.892860388826366,0.249489523720171,3.10169153419846,1.88753007732776,0.919478553717155,0.323627449262272,3.4372972808619,1.61214892676541,-0.00795721394577803,0.91517507939251,0.952841706107095,11.6644616127014
"C_hpom","mollisols",43,30,0.904158964410222,0.261702476871986,3.32763025925658,1.88717008300072,0.905083231808034,0.300620918053685,3.10165687093014,1.45098258738636,-0.0372520284794939,0.895823407378784,0.940397922932099,12.0272881984711
"C_hpom","mollisols",44,30,0.900003762272495,0.258064137432647,3.26007392760929,1.82989703527964,0.908570950086685,0.303491873773218,3.27081271226746,1.61462054620338,-0.0203234927149395,0.906320126236592,0.948788401453528,11.8356826305389
"C_hpom","mollisols",45,30,0.909551282352247,0.269294067680411,3.3729719577203,1.81099347713361,0.887493754548757,0.283412043059922,2.98057080033286,1.6169078333877,-0.0115075014454416,0.887187099380529,0.94088935429061,11.2477288246155
"C_hpom","mollisols",46,30,0.905319443106657,0.271257271240046,3.34737764630936,1.8190961582126,0.901458152686186,0.274010853496259,3.08530767770457,1.61082089219516,0.0118894117824948,0.894716408597117,0.948936430617152,11.3753399848938
"C_hpom","mollisols",47,30,0.899956680684125,0.282401149305309,3.29395279989491,1.616700626478,0.905703859494417,0.246247619890904,3.19704956741694,2.28579807288847,0.0215848014691031,0.901947445737088,0.951309621464286,10.9233481884003
"C_hpom","mollisols",48,30,0.900688797029656,0.285342304673715,3.26919746663994,1.66959252868152,0.907855843047489,0.262225636115896,2.97104970383046,1.81725349038485,0.0325467803038148,0.886462895029892,0.94830778199902,11.0921995639801
"C_hpom","mollisols",49,30,0.911433550281701,0.263837630604196,3.46841683644164,1.81135270168091,0.873232553959462,0.297302298541065,2.7801716311697,1.634659410253,-0.000382982649978079,0.870337486576409,0.93440401433535,10.8858969211578
"C_hpom","mollisols",50,30,0.903528593780871,0.281392677406085,3.31249421834302,1.75339505827998,0.906046405280381,0.248460395520976,3.14302881661427,1.8641363205143,-0.00467428097957685,0.898547927080405,0.951178075417834,11.0730419158936
