"filename","MLRA","run_id","ncomp","R2.cal","RMSE.cal","RPD.cal","RPIQ.cal","R2.val","RMSE.val","RPD.val","RPIQ.val","ME.val","MEC.val","CCC.val","training_time_sec"
"C_hpom","A",1,30,0.97714392220476,1.04935924583505,7.16345841321368,1.35672756556032,0.987707077552706,0.858468754640795,8.62982991865494,1.82473281820892,-0.0280649909012235,0.986452600190959,0.993420314960795,10.4216272830963
"C_hpom","A",2,25,0.979684541917442,1.08768118581255,7.61736516032918,1.31684439905982,0.968834836894768,0.89465901930355,5.45143256730736,1.55866362481377,-0.106743298010535,0.966050050539548,0.98356982194527,9.30068182945251
"C_hpom","A",3,30,0.972761312255425,1.01685987630167,7.47327474372273,1.33413636098424,0.978095486308309,1.11575068461763,6.46290991692586,1.60083044951221,0.0390419143575014,0.9758451571863,0.98835113904818,9.7219250202179
"C_hpom","A",4,25,0.971303209719328,0.931455933766567,7.82257353141526,1.50397839738394,0.968943248116649,1.44141960957428,5.50005217956133,1.10000122064962,-0.306767203326496,0.966647622218152,0.983547531117149,8.99651741981506
"C_hpom","A",5,21,0.973065139725965,1.08307012195051,7.11650997464931,1.26171268813049,0.981335812435965,1.01087953769495,6.85455628112783,1.75433717260104,0.0822380973516059,0.978526554837849,0.989708815205587,10.2647988796234
"C_hpom","A",6,20,0.969195208215977,1.10502360359797,6.99386105114982,1.5300152317969,0.981345152899823,0.943395852258922,7.24159554901528,1.09427025519365,0.161983067130511,0.980760583780263,0.990335346662502,10.5220427513123
"C_hpom","A",7,26,0.982165562644207,0.930495097662391,8.82112302249107,1.70731059893924,0.944239664002505,1.39749848814437,3.73233795696197,0.829313090376861,0.197791836553462,0.927573333342659,0.967093878887481,9.18464946746826
"C_hpom","A",8,26,0.969477308466753,1.07480605930228,6.68972500750007,1.3706433288591,0.982629213302859,1.08632556497994,7.48060103177771,1.2492547572744,0.0121628785553115,0.98197034422577,0.991136263435911,8.89557504653931
"C_hpom","A",9,30,0.971479458119626,0.951910660634437,7.56780038894108,1.48344086361933,0.981083149498143,1.10984689423862,7.28358216612029,1.42179142744056,-0.0593253322700494,0.980981757835932,0.990334517697305,9.78918671607971
"C_hpom","A",10,30,0.970034596257043,1.01567484297353,7.43728946014989,1.52817365295366,0.984534677324172,0.957481558676627,7.64107195754593,1.2409735302289,0.0814633913102622,0.982719677566143,0.991644186635488,9.06214809417725
"C_hpom","A",11,30,0.978616040311952,1.03797284975264,7.50917882831751,1.33883020671607,0.984067171523185,0.959333789537581,6.96272795902649,1.66973058540147,-0.255431448973577,0.979188587065151,0.988896838833689,10.3890917301178
"C_hpom","A",12,30,0.979116719763087,0.96033990392828,7.8621567624415,1.69949334170528,0.981109174448638,1.04533247932788,7.00752866747515,1.18457266418831,0.12362503064314,0.979453840530213,0.990008124437778,10.4318313598633
"C_hpom","A",13,20,0.963752370514755,1.0749544943103,6.64550183759449,1.29748201424551,0.984938879051147,1.05609081354877,7.78405349042256,1.36154939665479,-0.145938260943462,0.983348674997431,0.991309567421836,10.2646737098694
"C_hpom","A",14,25,0.945881697996455,0.896704817358374,6.75873213106776,1.51508014254041,0.984651274397801,1.21964592479243,8.03969699846752,1.58954102218637,0.137763170460414,0.984390785156601,0.99207488788436,10.0268087387085
"C_hpom","A",15,30,0.980698188941616,0.979980276268325,7.99069672182644,1.49124511012083,0.970431057844765,1.12684730050672,5.83391028950068,1.20666871135828,0.0309031070504984,0.970355718557746,0.985064865190741,9.95408129692078
"C_hpom","A",16,20,0.975070308885168,1.11692259182581,6.7535854701639,1.45097894595434,0.984293639211488,0.923537365119505,7.94509322409109,1.38693495074155,-0.0334930500244147,0.984016848131812,0.992073135530537,9.94056558609009
"C_hpom","A",17,28,0.975511673157493,0.925750805531988,7.3194938655486,1.56904429228694,0.986008365429047,1.17190551298431,7.58356358178053,1.17673997154279,-0.194921976209358,0.982456600382552,0.990668618385583,9.87902021408081
"C_hpom","A",18,24,0.96605272495125,1.07489322346908,7.38847325166805,1.48693503233903,0.97595625784332,0.974379678822215,6.41327106434423,1.30695904038077,0.0892995303760511,0.975469792139552,0.98779395661091,9.95802092552185
"C_hpom","A",19,25,0.97401193838197,1.01584764045496,7.62319402474776,1.49510384679319,0.968178218248102,1.22091817406508,5.58175808467852,1.02094109701864,-0.13484542927945,0.967616901515332,0.983762408730406,10.1640274524689
"C_hpom","A",20,30,0.962654086549106,0.886665193766606,8.25527298988865,1.52888729255434,0.97933510244836,1.17888940923937,6.63012959532809,1.76000997526877,0.201692534050084,0.977048219280213,0.988867497716164,9.32217788696289
"C_hpom","A",21,29,0.973553580915593,1.05830413830431,6.74596494600462,1.29424105313869,0.990871449656969,0.78243211865182,10.5009418157048,2.50865226926282,-0.0283127208802722,0.990850361899477,0.995390395458768,9.62924194335938
"C_hpom","A",22,27,0.968219578167777,0.966604974642036,7.180113747465,1.37191112428435,0.98531001504387,1.06103562233585,8.07301046098395,1.84949145786441,-0.183535974851912,0.984519342924822,0.992064000434748,9.84018039703369
"C_hpom","A",23,30,0.979404380737825,0.950047807274135,7.80000608499468,1.46997030497543,0.98252373929183,1.13244702460989,6.76069939043774,1.411961818303,0.0524421310577101,0.977926196647685,0.989592185525262,9.00771188735962
"C_hpom","A",24,30,0.980481395397187,1.00297868380558,7.98535628993712,1.59044901278203,0.977196087766638,0.906332557195162,6.58501246024268,1.27461687305496,0.11382071387422,0.976732634148323,0.988350918992761,9.06176590919495
"C_hpom","A",25,30,0.975827087487081,0.880616845129909,8.30758450551414,1.81381522376439,0.983674673871808,1.00397710952483,7.83007618398813,1.25577585189836,-0.0888876522956343,0.983543842110072,0.991694058989425,9.00849652290344
"C_hpom","A",26,30,0.970081876499827,1.04344279453854,6.75232354060998,1.36442038073552,0.98496190773325,1.06455275207488,7.88450493925712,1.33921080681187,-0.228509600178198,0.98377026003103,0.991656187256918,8.14653873443604
"C_hpom","A",27,30,0.978853946718962,1.01798348193707,7.72992510162186,1.5605794894403,0.977507139323772,1.01345331883489,6.3683125570796,1.36051152467994,0.0954739500188529,0.975122216735582,0.987993585741881,9.05964970588684
"C_hpom","A",28,30,0.976533032392895,0.998185407710766,7.5623887359035,1.47798086518159,0.974701597276005,1.1967767433529,6.12618239486833,1.15228514228686,-0.21524260304815,0.973116824020388,0.986754869663226,9.31405210494995
"C_hpom","A",29,30,0.976172797271228,0.898797534047823,8.45085134797941,1.59876408263882,0.983627887730216,0.973772011158901,7.41096684370655,1.44205489982075,0.125457171860295,0.981629935537473,0.991115028094864,8.86071467399597
"C_hpom","A",30,25,0.976723600210554,1.05511542082091,7.37052974975034,1.34379581562447,0.978784169253437,0.99085343954684,6.77415293742232,1.45726454828716,-0.0206918219025457,0.978013787246651,0.988578503141865,8.81959772109985
"C_hpom","A",31,30,0.959064539772376,1.0509057139053,6.794567881705,1.29478721496667,0.986367051219854,0.967008818196923,8.50077734192419,1.64603951902728,0.0379055965991174,0.986038144502609,0.993093497089865,8.83810901641846
"C_hpom","A",32,30,0.970750071889952,0.995905766527724,6.63950128152072,1.31130556112072,0.988918008817446,1.04798589323453,8.71813463575729,1.93804083920572,-0.0593962276504475,0.9867256495958,0.993009633368922,9.54030823707581
"C_hpom","A",33,20,0.970948320731269,1.06794339164828,7.22151375490302,1.49261762137013,0.983202585143159,0.936268993400219,7.35941526407006,1.3398671950506,0.164874946405504,0.981371675166889,0.990938638559339,9.63861989974976
"C_hpom","A",34,24,0.970925394346556,1.0765262889026,7.04343755437216,1.46231994631989,0.983144444376109,0.951352766855545,7.61831740512186,1.30412202836257,0.0328912890285996,0.982616296937637,0.991429685260755,9.81317687034607
"C_hpom","A",35,30,0.966573474815741,0.945420908825425,7.08166074812851,1.48029636793068,0.987557920104663,1.01176453431873,8.86579025656068,1.63354966885935,0.00266800604912543,0.987164123928756,0.993668762843097,8.6207070350647
"C_hpom","A",36,30,0.975934441512684,0.958024635818847,7.49033386737985,1.47347769015715,0.982644842186299,1.07592292845805,7.57351775467217,1.41249903669029,0.123628951186552,0.982410028934561,0.991115865112946,9.01749730110168
"C_hpom","A",37,30,0.970539428582775,0.991485720514609,6.96559367375347,1.48484248642117,0.988611623911503,0.918123873923594,9.40222113649759,1.48130245670224,-0.0182725285640967,0.988587008390068,0.994286526558979,8.58180999755859
"C_hpom","A",38,30,0.977766258381278,0.95646358547696,7.86342646831324,1.48217834063495,0.987989739268827,1.11167978627126,6.65635001092214,1.24232404605674,0.353748510193664,0.977228684527718,0.989571111479443,9.21637463569641
"C_hpom","A",39,30,0.979978514914566,1.08226519562247,7.23504545574347,1.33987755807482,0.983339313205222,0.87092995165086,7.54234233203968,1.58304770364897,-0.00203546203727035,0.982264316082885,0.990759736548617,8.46431064605713
"C_hpom","A",40,30,0.973771950414441,1.09705514705358,7.22514989239892,1.60479241378921,0.980173527932005,0.886937726165896,7.06127860309147,1.30823162187034,-0.0824492987677403,0.979765441778872,0.989937927834814,8.89214968681335
"C_hpom","A",41,24,0.976604948968866,0.984635731449567,7.32031093965139,1.449512864924,0.984368572604423,1.0253949276678,7.88803338630118,1.37664849114342,-0.109390060470303,0.983784776442727,0.991665256358507,8.80369973182678
"C_hpom","A",42,30,0.969198405575726,1.13787784689303,6.68917074267245,1.18314917429495,0.986952803185068,0.820391580453809,8.74656501470996,2.04452455383827,0.0110410721101439,0.986811804894005,0.993440306085778,8.36293506622314
"C_hpom","A",43,20,0.976068116375489,1.07192471999462,7.20230866038757,1.48979147762168,0.978910158341126,0.996352037009431,6.90531709770203,1.19867843456689,0.0504628583314181,0.978841096017862,0.98934936340245,8.59347772598267
"C_hpom","A",44,20,0.976118026882364,1.02119825081452,7.72272809361945,1.55183148936654,0.968262537978505,1.14167181133178,5.61294429585425,1.00267574152037,0.102615038930354,0.967975750815517,0.983818912514265,8.98513340950012
"C_hpom","A",45,30,0.969619675225621,1.06494418691803,7.10563335658432,1.33617604798431,0.978815063989675,1.09058624594179,6.68277708913997,1.31513477759058,0.218554931705355,0.97740842700821,0.988844491175005,9.49030780792236
"C_hpom","A",46,26,0.972105670482861,1.06874775698842,6.5032315195229,1.5483625969546,0.987698483867988,0.969698626977782,8.86280761861208,1.1615853200809,-0.102887123773036,0.987155483052233,0.993408879167781,10.2798001766205
"C_hpom","A",47,30,0.96783055393948,1.04253957389536,6.88201929940465,1.31794865336968,0.988723779468662,0.924818679775416,8.80870830548147,1.9228615283072,0.0359027150059213,0.986997227529073,0.993726472170568,8.70876622200012
"C_hpom","A",48,26,0.967309164642598,1.09911642921709,7.14304847427459,1.62843868713246,0.98128253066296,0.900964135507116,7.20167192559517,1.15861302227358,-0.0669402927031749,0.980546678931864,0.989933311432249,9.98199939727783
"C_hpom","A",49,30,0.975218108718218,0.988269645276578,7.2733826191686,1.38489472386554,0.985336699064861,0.989585913104215,8.19707298555987,1.85862289028593,0.0304433156024057,0.984984395636633,0.992296534522954,8.55659675598145
"C_hpom","A",50,20,0.960147032846836,1.0484771002892,6.9655567075112,1.35716747376506,0.979250045045105,1.1732409965895,6.72270994019074,1.2114861943384,-0.155555627569057,0.97767601747604,0.988330908775207,8.99246263504028
"C_hpom","F",1,30,0.928520795698125,0.227830357688572,4.92519890894998,1.98913654263526,0.957598507666247,0.325476051493497,4.872691820532,1.82565979823518,0.0160532236350814,0.957488924906631,0.978231721973571,9.0018744468689
"C_hpom","F",2,29,0.925679397769649,0.270421213777539,4.35533818076256,1.69247199066457,0.961417991655152,0.297038069840362,5.01470417290692,2.16210128501425,0.00538966906134839,0.95986259031781,0.978717869937735,9.23397374153137
"C_hpom","F",3,30,0.940236171507925,0.229008627307762,5.35053204177956,2.05173541068632,0.952125306939558,0.329400906785908,4.24767738661218,1.53079490557605,-0.0248695234423176,0.944058136534754,0.968721367833218,9.2118353843689
"C_hpom","F",4,30,0.948514637087142,0.290979042774799,4.73524751019401,1.77210284659256,0.94154194156018,0.242095728829145,4.15165465775496,1.32159758268929,0.00469203818006834,0.941440476265859,0.969569189292983,9.97345113754272
"C_hpom","F",5,30,0.931685845968813,0.294639748814688,4.34209056038722,1.55502769685079,0.967546710009803,0.25016374888402,5.14568506031554,1.97956575326823,0.0494417910542078,0.961879940127616,0.981857232872635,10.0194072723389
"C_hpom","F",6,30,0.918243309178213,0.284631680231873,4.45474758560311,1.67657321072358,0.968418339987937,0.303990177079443,4.31459079183299,1.57509722715438,0.0223350333419608,0.945779845188368,0.976275209690018,9.72853636741638
"C_hpom","F",7,30,0.939631837137634,0.299241675047123,4.56385465081806,1.60586495822925,0.94309530474994,0.252239105348385,4.19194858532735,1.85676909356751,-0.00618955854938507,0.942560839599025,0.971093475052254,7.90990877151489
"C_hpom","F",8,30,0.936789511225072,0.243245082665671,5.0857542995039,1.9914797236243,0.954673012376365,0.296098771746948,4.66853218023411,1.55156897406055,-0.0309990789539004,0.953689521930016,0.975794426266991,9.3185510635376
"C_hpom","F",9,30,0.941964473839416,0.305278271515731,4.70984940324252,1.59737372587578,0.955430775674205,0.188504237570469,4.12751274606724,2.46109759111686,0.054571161919159,0.940753441030687,0.972626778343474,8.72580885887146
"C_hpom","F",10,30,0.940972450409062,0.305598532814992,4.47041173405155,1.54776927638704,0.967338842907703,0.212284280773115,4.95632165195804,2.2691714654786,0.00129527932183965,0.958911431452982,0.980945132281189,9.32976102828979
"C_hpom","F",11,30,0.951944541552141,0.297314776084003,4.88504855019075,1.49818769812553,0.908247391320969,0.232527552317051,3.05967038487558,2.26970216966112,0.0080821609467022,0.892182143869619,0.950198281997752,9.82463669776917
"C_hpom","F",12,30,0.935417087974375,0.214842791861587,5.3859660647185,2.09008766879782,0.954395616461432,0.368724788882758,4.16556500586698,1.34864473448276,-0.0435297180840293,0.941830926667228,0.966861829974178,8.65002870559692
"C_hpom","F",13,30,0.951052450622349,0.287781022701621,4.77714285988041,1.71797516514008,0.926337473763684,0.27775747315515,3.69777607353825,1.65344341516049,0.00765592389928048,0.926182597047227,0.961298901792788,9.75893688201904
"C_hpom","F",14,30,0.947531744583329,0.2900813970797,4.81354420151989,1.71936306506055,0.947175155699754,0.256236863580699,3.6970518538253,1.80887205698264,0.0460963604481789,0.926153673863749,0.96695220265299,9.61376595497131
"C_hpom","F",15,30,0.884586703201161,0.29418786252117,3.63837562364224,1.55454928045201,0.972378293483518,0.279503766273411,5.94331174755276,2.10288193192019,-0.0500647378709159,0.971425216042579,0.985436083406472,8.13966774940491
"C_hpom","F",16,29,0.945707324406209,0.311832137973966,4.51013004127173,1.60354697001034,0.945052281169362,0.226879438178897,4.05470640155562,1.97200111473837,-0.0154772470399663,0.938606675369916,0.970823193654912,9.60695886611938
"C_hpom","F",17,30,0.929707247833476,0.31158353599501,4.38228930275624,1.5284958445546,0.957910369909875,0.230079456926083,4.5915205699975,2.08773937889778,0.0115898781269779,0.952123002230938,0.977321174643587,9.64493036270142
"C_hpom","F",18,29,0.933214979237133,0.236441975006082,5.10717387835941,1.99361077908386,0.947152204355851,0.345079568542682,4.15101391060693,1.38414839950434,-0.0738764013813869,0.941422396469187,0.968271816013062,9.89513635635376
"C_hpom","F",19,30,0.922034979925676,0.290649007307158,4.02774682467481,1.67293583592441,0.978897883096103,0.246838043584497,6.12690576110272,1.71028779182285,-0.0281329560468275,0.973112057115124,0.985379040629057,9.97812342643738
"C_hpom","F",20,29,0.904559214064917,0.30490935821694,4.01415103836876,1.52113373204507,0.969427032329127,0.248154830321879,5.6578419582524,2.0654709978249,0.0223016816623446,0.968468955772493,0.98441187628179,9.39148283004761
"C_hpom","F",21,30,0.939949466341379,0.201599541071568,5.2768038056346,2.32236520733841,0.963443011236395,0.373663980851994,4.46667657534804,1.28250762598876,-0.00351613292861374,0.949409267955126,0.971007479844144,9.81733989715576
"C_hpom","F",22,30,0.948800043896172,0.223930039671719,5.78046979471588,2.03559259252687,0.932479576968805,0.329467939380788,3.80122433821242,1.59367539975763,0.00423291634682716,0.93014572730333,0.96207171079074,10.227855682373
"C_hpom","F",23,30,0.940044685658913,0.311035587370504,4.49274138852439,1.61178296103728,0.966272537112119,0.194814910199154,4.82155587633878,2.07919837647909,-0.0250874448328334,0.956582424357389,0.979922393355131,8.49718761444092
"C_hpom","F",24,30,0.948144579637222,0.30619609040918,4.60008681518914,1.58319882318611,0.931755950006835,0.247052969183377,3.67136466825044,1.88651750084435,0.0559318410228791,0.925116707816738,0.96331953558865,9.8459312915802
"C_hpom","F",25,30,0.937091487868353,0.294405505092117,4.80984812978794,1.5635307154191,0.934493981434649,0.24535084271622,3.59722165069369,1.99891837366646,0.0189062308061092,0.921998028341862,0.96387434753498,8.21208953857422
"C_hpom","F",26,30,0.936509237080134,0.276797042270407,4.58488316465348,1.8065130895131,0.968872189400494,0.264123602074131,4.96641696719962,1.62932060641524,0.0154214440784734,0.95907830445928,0.981160863381703,8.95627236366272
"C_hpom","F",27,22,0.939395909458258,0.31104016491508,4.49118184037189,1.53046562372409,0.9146079578693,0.278133551274607,3.43056184782384,1.68020378288919,0.0118810287647811,0.914235122627117,0.955862851163977,8.68396377563477
"C_hpom","F",28,30,0.934022279557426,0.29416358020326,4.58418609140142,1.83543764876307,0.953658444461371,0.290769493654064,3.79909570363044,1.25609203500051,0.0334676667076289,0.930067426629235,0.969213790057326,9.31016755104065
"C_hpom","F",29,30,0.932744364420943,0.316484793856291,4.14544462164485,1.58735323071515,0.963213515051099,0.2383105283334,5.06324859970813,1.85689878283896,0.0144998648692163,0.960628544047142,0.980913685732764,7.68794298171997
"C_hpom","F",30,30,0.939021103101996,0.285475591165986,4.42354820597433,1.57245009342671,0.962270333891542,0.261653784925372,5.06808146656393,2.02878048430067,-0.0448595523086144,0.960703596621874,0.979581446302956,8.057448387146
"C_hpom","F",31,30,0.953385741742857,0.230324704630376,5.31621243351878,2.18510103294245,0.948720576110405,0.351529078142018,4.00673970874882,1.26157675161323,-0.041460790931538,0.937127936042731,0.964253970261684,8.80999135971069
"C_hpom","F",32,30,0.931586812430965,0.277024984783238,4.33498706967669,1.7285740864662,0.953857548264761,0.327119716716488,4.44071452635493,1.39869091228318,-0.0255445335435475,0.948815994742069,0.971948869267958,7.42128849029541
"C_hpom","F",33,30,0.940981301879998,0.274739539513597,4.39001131659116,1.78370569036987,0.962026284065347,0.296168300916605,4.87858716783756,1.52599168648795,-0.0531293371870521,0.957591604686108,0.977179076753911,7.98701930046082
"C_hpom","F",34,30,0.95001848326057,0.295517936485781,4.82971801726123,1.56620141404605,0.922657919397629,0.236622240308623,3.51869610936897,2.21925366911871,0.0209082207741315,0.91847769395352,0.96006434579236,9.58964443206787
"C_hpom","F",35,30,0.930294724467613,0.214595458692637,4.61268864194113,2.0711942494394,0.96920062024762,0.328136639102029,5.36694036787794,1.74095791790679,-0.0170248724273374,0.964958197458154,0.981024390267337,9.93398642539978
"C_hpom","F",36,29,0.943046626020191,0.285353830797258,4.74602551526958,1.64918679621428,0.946334113662911,0.264938438343201,4.12395932951516,1.84546788702149,0.0215070865977926,0.940651297247375,0.97165329160153,9.80154132843018
"C_hpom","F",37,30,0.931311310588164,0.297380282928767,4.47581051967098,1.58508582128463,0.951816982799333,0.259432143396919,4.46385835023071,1.85731561128413,-0.00945345105395555,0.949345367594606,0.97529030098079,9.43367004394531
"C_hpom","F",38,30,0.925826578471121,0.304650109651386,4.43922869705626,1.70953544246535,0.973081086612351,0.265071084695877,4.11060322370261,1.63707245925323,0.0223280579212444,0.940265000992582,0.974700645435635,7.8964638710022
"C_hpom","F",39,30,0.933752841057533,0.301305244253961,4.69860310984297,1.51335938784944,0.927935669632138,0.23768410878854,3.68990419416262,2.17068082561217,0.0319509963198146,0.925867303484943,0.96260329873434,8.98844075202942
"C_hpom","F",40,30,0.951586352946684,0.277368704338141,5.19054824189644,1.63802091906561,0.911596076454228,0.25943317285151,3.02371079703424,2.07245644067168,0.00929575836057263,0.88960243957939,0.950179177454409,9.82341361045837
"C_hpom","F",41,30,0.925020203769037,0.300348242623114,3.9937741398852,1.55615273762894,0.972470258502251,0.243258628642471,5.99072772482956,1.99332132720632,0.00534731133124084,0.971875758754057,0.985394080985834,8.84542679786682
"C_hpom","F",42,29,0.924071925313451,0.297064461586074,4.36103679486353,1.60816318266189,0.966701736320108,0.26228152636264,4.76407712108575,1.76390655078138,-0.00553626459225412,0.955528435171559,0.979652073812203,8.64438080787659
"C_hpom","F",43,30,0.953239816133725,0.230702277061663,5.50271894222383,1.86804094649144,0.9379067958829,0.336712329663416,3.89404977088514,1.66688348051004,0.000508076227539355,0.933436372478562,0.963282839845366,8.96825242042542
"C_hpom","F",44,30,0.938215677963708,0.283492396968376,4.61084892647703,1.59908993979324,0.957579585108956,0.272488792131441,4.47811516379279,1.94905093470345,0.0556339327869788,0.949667388822198,0.976207917657815,9.90496015548706
"C_hpom","F",45,30,0.921748018007436,0.324378892681116,4.14321292648163,1.54722024559527,0.96161619832599,0.219929972381381,5.09761566519613,2.01341059931624,0.017924477791747,0.961157622893738,0.98048092676154,9.84963464736938
"C_hpom","F",46,30,0.944815022822857,0.195507467647241,4.8899342863155,2.39120958204789,0.967405061616688,0.400022892988575,4.55055142621913,1.23331226449105,-0.0551272927137565,0.951257037148798,0.972005273915151,9.77168202400208
"C_hpom","F",47,30,0.938872878419976,0.306930206432069,4.54642101641369,1.71163407507848,0.947340738440161,0.223867100834496,4.26452242407644,1.90267024905504,-0.0121961542357234,0.944499208967329,0.97293900284071,8.4565441608429
"C_hpom","F",48,29,0.945543805410142,0.301900561471139,4.71736189492577,1.57516626561644,0.908222879707559,0.268554079452253,3.15171137083827,1.81705339757,0.0564859259523518,0.898387508403643,0.950629029983012,9.3650951385498
"C_hpom","F",49,29,0.902084783528444,0.296888007359731,3.72303184834577,1.53255520169493,0.962703903895038,0.311829907739735,5.14873970255998,2.19806833144459,0.0443485817345566,0.961925158418033,0.980668798022683,9.88270139694214
"C_hpom","F",50,30,0.947187739450772,0.274958907344043,4.65911748467473,1.63172218835819,0.95450582747127,0.275204878777883,4.66383315610201,1.82529295894289,0.0244043820837022,0.95359615509001,0.976811575704446,9.91265225410461
"C_hpom","G",1,22,0.845087923256372,0.223265053515444,2.52887906616254,1.73748723273956,0.939530854137343,0.209584116965041,4.09669671493956,2.45830935311734,-0.0253618600167027,0.938429481363196,0.968728989048299,8.43585705757141
"C_hpom","G",2,11,0.761825640453907,0.282663143924351,2.11442150996844,1.82408241428883,0.925139653385564,0.236376904055621,3.40313157190579,1.37206260186775,-0.0180212145082058,0.910775739147795,0.947927305763915,8.07562947273254
"C_hpom","G",3,11,0.841838441019672,0.279007081376429,2.57324963966977,2.18592251132564,0.851219628959132,0.242124299053779,1.95882114125314,1.35084147389665,0.0655218718071194,0.73069099594163,0.894925507634233,8.21581816673279
"C_hpom","G",4,11,0.891493614440648,0.234283160660143,3.05373635995998,2.13532265225713,0.664361625907033,0.419613541592243,1.24643782234992,1.06944339378845,0.201793888873373,0.334881234192691,0.752945618112188,8.22974371910095
"C_hpom","G",5,11,0.810563790429358,0.27043952335621,2.59481631928561,1.38235353087645,0.913250626056978,0.21066566311017,2.69379911766915,3.02868369994558,0.0221011096751936,0.857599987818409,0.941015468532058,8.14728403091431
"C_hpom","G",6,20,0.861662646204643,0.272919600028463,2.69445415316314,1.85027476937287,0.580610582507693,0.307797389345759,1.37134886193736,1.33027998018542,-0.0472046029123924,0.4505293010256,0.753997054617631,8.07724785804749
"C_hpom","G",7,12,0.882317877098706,0.215238779455217,3.07635504796598,1.78097413937323,0.863756765850985,0.274868347502732,2.41684945291435,2.14199446880347,0.0890339496249303,0.823094538201507,0.919131054825333,8.21982789039612
"C_hpom","G",8,11,0.799100945050261,0.282658943763628,2.33073876936931,1.76253014805225,0.866330878046349,0.251030173998527,2.70834960444994,1.72062142219817,0.0190114267285457,0.859125953045439,0.930355919812635,7.79204058647156
"C_hpom","G",9,20,0.864563721340085,0.255202114489595,2.90350196125665,2.43139639042959,0.44275922767846,0.31939789073102,1.1322305816475,1.04691516351183,-0.0782986249652556,0.193933862445841,0.648034677477001,7.79101586341858
"C_hpom","G",10,13,0.883478007046419,0.20793675892943,3.28722542663398,1.90772892701779,0.808701996418793,0.269918162119002,2.29542301617351,2.61693145972363,-0.0419823590342611,0.803883120161713,0.891001005359205,8.03761625289917
"C_hpom","G",11,13,0.898609464789615,0.207974009502692,3.3557455146219,2.99941753054449,0.775731076146109,0.271492534100663,2.09311947076259,1.35467944346357,-0.0390293333704586,0.764141026636361,0.877970754579036,8.13330006599426
"C_hpom","G",12,15,0.792282017814036,0.231239399970119,2.51820769042947,1.70410401536642,0.876196731958666,0.308062451981603,2.64997846801178,2.86937156512922,0.0712150324854129,0.852851530682751,0.931107281074463,7.71013712882996
"C_hpom","G",13,12,0.821380935442323,0.249700453817716,2.55116383699413,2.06487758478963,0.873858066088015,0.255455805515206,2.85337305683546,1.47195427499344,-0.000471877987722418,0.873081968674281,0.930362936425946,6.94206595420837
"C_hpom","G",14,15,0.872051698343224,0.235698740693983,3.04554077290906,1.77962563043388,0.774621642298186,0.270594386273509,1.91495672856653,1.8379289454191,0.028244849840441,0.718211990424079,0.874103710139209,6.86306858062744
"C_hpom","G",15,12,0.849498083270184,0.277161992259127,2.59295301096797,2.276795944698,0.897416667409105,0.175499155431638,2.80688704156159,2.14029511467544,0.0322981304798045,0.86884327370238,0.940989319145944,7.11484932899475
"C_hpom","G",16,11,0.92146776539599,0.195299375086234,3.66004113643018,3.3338037549404,0.310666078369099,0.451782977610003,1.09331434044876,0.475068773364178,0.0588999760603574,0.135529156837646,0.552761027128774,6.91018128395081
"C_hpom","G",17,13,0.815307280746111,0.27653317799392,2.56037023390031,2.25579040650853,0.912798074641361,0.188068905523946,2.79947863632313,1.8980679661293,0.020578201041318,0.8681481815195,0.944008847118897,7.15928053855896
"C_hpom","G",18,14,0.825249432943259,0.19508432220228,3.24361982056662,1.86937533412789,0.837719915521351,0.283410724587399,2.51200501744408,2.51551657418012,-0.0124660777595713,0.836243165701759,0.913886927020692,8.1696469783783
"C_hpom","G",19,11,0.845671154386135,0.257940111836484,2.67119121503578,2.43365758637006,0.884476433025323,0.233071083934435,2.52940977146209,1.30179323354137,0.0380963874003377,0.838489018931358,0.930271708490344,7.49969983100891
"C_hpom","G",20,14,0.800091641223553,0.251964267275761,2.60380292750403,1.41367350954635,0.881504339856723,0.24259247542687,2.72797758013393,2.62824681135752,0.00371611756709797,0.861145855958607,0.93599981588835,8.11030316352844
"C_hpom","G",21,19,0.835536341170939,0.264355925856225,2.53768903963409,1.51612867652523,0.834316143943274,0.26955738677226,2.38988595851404,2.90257534534207,-0.0243285962352767,0.819080206286427,0.912360155243716,7.61031770706177
"C_hpom","G",22,11,0.820089468339098,0.275652824629614,2.57864601484736,2.35000820641113,0.879282658695143,0.213346411812002,2.48308807594918,1.52388597604579,0.075708940177758,0.832406878365585,0.925035200540907,7.86417460441589
"C_hpom","G",23,10,0.820147328330527,0.275434372686602,2.48849841527491,1.40839422551443,0.82771801953922,0.256804174749113,2.35652291343216,2.31391267521461,-0.0477997619823454,0.813921110640793,0.906939117593736,8.47560381889343
"C_hpom","G",24,12,0.859229442496428,0.271274595123504,2.64489035082104,1.95162783215644,0.867424962954966,0.237712043689381,2.16964773045527,1.59077674034104,0.0853960545068732,0.780486119932479,0.909083405713345,6.78201007843018
"C_hpom","G",25,13,0.822468281235321,0.274233477443269,2.62882517214735,1.8322708616199,0.939820021754203,0.16419282326038,3.03086426254973,2.16068508936837,-0.0332966742011138,0.887511671029732,0.953489709136582,6.78761959075928
"C_hpom","G",26,12,0.867077470914074,0.250306370932594,2.9500705830592,2.01793101836797,0.732683853107162,0.228526667595002,1.88402031006452,1.98450285812473,-0.0603453060522009,0.708881852760082,0.843597170497552,7.40560531616211
"C_hpom","G",27,10,0.887432893884261,0.223679730552179,3.17770818965141,2.97645333511652,0.548924593567424,0.358845068518042,1.41306056129682,0.856684143019074,-0.121658365625797,0.48248983054256,0.703170123727807,8.01617360115051
"C_hpom","G",28,13,0.89134388533261,0.130175605988295,3.81166086623622,2.57064345857617,0.852676688740886,0.385707320533059,2.35075612325303,3.2033244748698,-0.171756810422253,0.813007026768717,0.896616694191022,8.76552414894104
"C_hpom","G",29,18,0.878471765505246,0.155896785657323,3.71472111443992,2.54454874311494,0.821920158505434,0.355336937600213,2.34060332578278,1.45996763945682,0.0444143426698175,0.811381275566043,0.887406581674322,8.79309916496277
"C_hpom","G",30,14,0.855459348416931,0.23330708624493,2.82859302816578,2.16442739964557,0.838858294973001,0.269522056707082,2.5064658637126,1.418179015365,-0.0269798165370385,0.835518578476849,0.906934786393239,7.27779793739319
"C_hpom","G",31,13,0.86764799110346,0.228706512285989,2.9771137056584,2.25442146288891,0.873634211890841,0.246457915029761,2.54227160058615,1.69129981055656,0.0669538745787789,0.840119113722984,0.926909944324266,7.84349989891052
"C_hpom","G",32,11,0.826546083944759,0.264474613104928,2.44596279607355,1.59188447260519,0.904650567345507,0.233404132700776,3.02782154011528,2.76604686699215,0.0667961093483926,0.887285473590266,0.94629630915309,6.79071879386902
"C_hpom","G",33,10,0.802455472917868,0.275104885802385,2.52007016206671,2.37023769351881,0.881138700000269,0.235120319811102,2.49956200721743,1.54436141585604,0.078766693480045,0.834608719593496,0.926465977879799,6.64901804924011
"C_hpom","G",34,10,0.800856162171752,0.287814228655761,2.57184945962551,1.40783866695011,0.748992538777355,0.231300050026972,1.88300000142158,2.32466324558642,0.0748864661556456,0.708566280975829,0.851846705091699,8.00328969955444
"C_hpom","G",35,22,0.874435356084972,0.232022076066116,2.88481017184229,1.68625760373126,0.826100357300019,0.285170552999426,2.29948143636622,1.7456155439759,-0.091265871194626,0.80457477378206,0.898425162705306,7.8320140838623
"C_hpom","G",36,12,0.86595760712984,0.263978808786122,2.82731918281121,2.47013755762611,0.721791054669528,0.252831271239609,1.46813504058595,1.11812867773024,0.109249591550609,0.52058851876858,0.808468520062685,6.91933536529541
"C_hpom","G",37,21,0.888373907322619,0.166091153778133,3.61642808206851,2.46320114403266,0.852991130377599,0.303742407397283,2.56694244954385,1.67905884255714,0.0159828485487089,0.843177571401585,0.906877813297708,6.96783590316772
"C_hpom","G",38,13,0.841336015827318,0.246503520497668,2.65347272580497,1.56963944863278,0.904329219753449,0.22035034151019,3.12970327504216,2.67872704872892,0.00891671077468639,0.894504457345763,0.949790646006743,7.14626288414001
"C_hpom","G",39,11,0.827721643485999,0.271777115281572,2.47871723973136,1.93227998411832,0.862022094115693,0.248605597917193,2.58838294335629,1.36560090699599,0.0531716980211739,0.845764842770085,0.925100059782625,8.03451371192932
"C_hpom","G",40,13,0.843852726578504,0.260953566575264,2.74725983501774,1.94601003797178,0.888214512826664,0.211171280882474,2.46430695564359,1.80803046893716,0.0605060087149898,0.829842602954975,0.927578509493088,8.05269551277161
"C_hpom","G",41,11,0.839844690005206,0.280012099851165,2.66042139788302,2.29769099386054,0.781079050565249,0.213833230081394,1.74583315645696,1.79502212941317,0.0779394893418355,0.660972470763135,0.858400919720031,8.10665678977966
"C_hpom","G",42,13,0.838023810235464,0.245710636751913,2.51544557481536,1.70200250802428,0.895582052520417,0.249450794982469,2.98272414977824,2.47683488057603,0.0561405094070457,0.883851325465685,0.943485935871776,7.08616876602173
"C_hpom","G",43,15,0.893815903010877,0.13669850348242,4.30886191114809,2.66233946040825,0.863540178236168,0.350918550361125,2.23930953804821,2.06171780960414,-0.146556685480442,0.793931229802414,0.871205472814377,7.8542788028717
"C_hpom","G",44,14,0.866053614324582,0.194808535017004,3.46745144052553,2.07997046928479,0.805099997072516,0.282859784423517,2.25812351594646,2.65384761757455,-0.053472159171102,0.797350726032061,0.89076527151475,7.00850796699524
"C_hpom","G",45,25,0.839806453898596,0.214043194798427,2.50480448902313,2.39305276900943,0.708860360176445,0.510232791711589,1.75880407751366,0.726067887085952,0.163410728327386,0.665954587781016,0.825430039079826,7.17937135696411
"C_hpom","G",46,16,0.891833118823776,0.138904205469905,4.13581727267206,3.10630998205078,0.836931654155603,0.350521292880746,2.36246297720744,1.88195093535853,-0.0527552705303917,0.814855669953043,0.885386552877973,7.23187470436096
"C_hpom","G",47,10,0.831360816218725,0.271446681217117,2.73209340161765,1.82847768767895,0.760832352133232,0.221354670693743,1.76276094729562,2.05582754849393,0.000706768517300465,0.667452568214565,0.860701075048346,7.95833730697632
"C_hpom","G",48,14,0.894016764588617,0.194188758320138,3.54389381707465,2.19677937945681,0.762602633195944,0.300314526862713,2.02133944578293,1.73672640963662,0.013711428488467,0.74709236714629,0.87303935435657,6.95456862449646
"C_hpom","G",49,11,0.798985515064639,0.268875392587277,2.48269084563942,1.32475942321266,0.926769442179386,0.175172022156643,3.67283175367258,4.882485167838,0.0193644388198376,0.92339830666428,0.962189162340078,8.45235848426819
"C_hpom","G",50,25,0.87195010074776,0.163807027368758,3.59968646957409,2.96697051284561,0.768327406883414,0.387916101273228,2.10237946877977,1.22970103183217,-0.0331703802966003,0.766214147869526,0.865296931409313,8.04734563827515
"C_hpom","H",1,30,0.802265361516901,0.348394462281276,2.55687498901916,1.03718265966083,0.808666031968454,0.21046512244453,2.07740639128022,1.76225520500553,-0.0216740733218772,0.766826102771522,0.894371149110392,8.39819431304932
"C_hpom","H",2,30,0.821071757671144,0.313910831339984,2.8116056132841,1.12021182416336,0.867278079869692,0.215686690924192,2.20724670630352,1.84472086940147,0.00909786414514524,0.793451947965819,0.915554810904342,9.4896399974823
"C_hpom","H",3,28,0.918411627839667,0.153695373054585,3.54762937043092,2.30460924398942,0.873877308550833,0.531019653670257,2.19198505726186,0.728461069804781,-0.0221941483819305,0.790565762537865,0.852380494614167,8.88409113883972
"C_hpom","H",4,30,0.805939085378684,0.355360812661143,2.52110046464949,1.0721836691749,0.866447991878781,0.1579329466164,2.5758780713437,2.20156607566197,-0.00743166900748333,0.848339579964159,0.928890383637568,10.6619439125061
"C_hpom","H",5,27,0.834322023807141,0.296711366139125,2.97110902317761,1.27171362664642,0.589132920189886,0.409079015126667,1.16504193584574,0.822025941359706,0.0348526792203685,0.258621918669323,0.73475349058991,9.42652797698975
"C_hpom","H",6,30,0.888812904159706,0.265665384702666,3.23605231890585,1.42057875896171,0.784029092456698,0.278471711368656,2.03014290246697,1.28475898230957,0.0148451179103667,0.755842741378991,0.884059290160378,9.65506649017334
"C_hpom","H",7,30,0.82372493137123,0.308430403346546,2.87999865754945,1.19179770707295,0.880869406862928,0.199331250432601,2.24061210067739,1.67651535709899,0.033756543944693,0.799557641535851,0.919130141342625,10.2065179347992
"C_hpom","H",8,30,0.889254024124307,0.175106842752419,3.05497890502885,2.21076167792794,0.887188344796632,0.572894607977758,2.05280953173964,0.582235825499251,-0.0543027742572497,0.761204825104341,0.823155082873245,9.95992422103882
"C_hpom","H",9,30,0.840610602437065,0.326995710160867,2.77840719056262,1.17408632000441,0.641202938799455,0.218718485929037,1.48220898042136,1.61955948074242,0.0141608979825327,0.541959396886742,0.795527577417201,8.72220873832703
"C_hpom","H",10,30,0.794243498101973,0.359267773826309,2.43915729883585,1.01205047179039,0.882713893180747,0.181323707227424,2.77222276769108,2.02775867327067,0.00411932226516695,0.869061727645586,0.938101833487706,10.8481345176697
"C_hpom","H",11,30,0.805531006049723,0.340915888841004,2.58165336617852,1.04442639417742,0.864315419281198,0.198798914704331,2.45169945247047,1.91712738003039,-0.00357178132364765,0.832587300952506,0.92482469288699,9.51709508895874
"C_hpom","H",12,30,0.831121683684507,0.30258302002772,2.90154899661785,1.18694534632874,0.865596659901934,0.2388231586108,2.0774977674305,1.58669670983434,0.0196054371087382,0.766846614046997,0.908369842845679,8.57282495498657
"C_hpom","H",13,30,0.87377163134075,0.276121084146524,3.22873506046318,1.408753486545,0.668152246869825,0.310001269237952,1.39220780608167,1.04067727139649,0.0142856167978663,0.480823855077743,0.797275424689039,10.0603106021881
"C_hpom","H",14,30,0.841296270156884,0.299834081658012,2.84791513150391,1.23726775137968,0.731961056814524,0.327862329539287,1.78842524540556,1.0218931692177,0.0350477108208785,0.685383659747868,0.852529248183498,10.5948421955109
"C_hpom","H",15,28,0.866442015605736,0.29650723282156,3.01055009718146,1.34779011526002,0.466404628867975,0.41331747635493,1.02419456586952,0.787774975961565,-0.00353254540632516,0.0406923144692444,0.655326110443544,11.4253180027008
"C_hpom","H",16,27,0.904460004385763,0.162374081820585,3.33671737844816,2.3129678443077,0.872144591982482,0.510649970863883,2.28868486763176,0.660954840414486,0.0142437242158355,0.807889606292488,0.868732481376258,10.8146378993988
"C_hpom","H",17,30,0.822486714842546,0.294372768649281,2.94253860884638,1.2403513805824,0.818372632323308,0.238823775557113,2.27439877890236,1.58925506522374,-0.020703481425543,0.80546863629078,0.903930241151259,9.07037043571472
"C_hpom","H",18,30,0.868679874995879,0.196585380272459,2.7846565427563,1.92393721992859,0.890689097259338,0.539738297292454,2.15389280012114,0.611398156579566,-0.0487266962719592,0.78309243986074,0.843309699466256,9.97646236419678
"C_hpom","H",19,30,0.797295328336011,0.325261370225569,2.6913923087387,1.05804440367861,0.901930637009052,0.17642222292869,2.87237077472314,2.34572366014951,0.0117831378192174,0.878033135349057,0.944964518178536,10.6750361919403
"C_hpom","H",20,30,0.814204791772467,0.347507529338545,2.57336775495786,1.04704110495842,0.866250550348593,0.169763333324979,2.46791628697867,2.15403808253449,-0.00480736154406444,0.834780231195696,0.925819090569263,10.0525949001312
"C_hpom","H",21,30,0.808439610817735,0.34171696588371,2.59893213265656,1.12057385418291,0.817280627565567,0.195531114487985,2.2844745776186,1.63541971740589,-0.0149887654319318,0.807180834282438,0.90352569393092,9.76388144493103
"C_hpom","H",22,30,0.882834624088429,0.275123650937867,3.24866830431446,1.36131751568164,0.558687332317401,0.361445298881564,1.1572825514238,0.962861036170336,0.0485300425645099,0.248646960072718,0.719951954397942,10.5743005275726
"C_hpom","H",23,30,0.80977178719249,0.347952178883188,2.53736105665303,1.02412736325939,0.839400631569832,0.192140547971832,2.475063030419,1.87159034777355,0.00997328325117274,0.835732997673793,0.915637566338228,10.5962986946106
"C_hpom","H",24,30,0.817038026572831,0.325731631507646,2.60554955479671,1.12972458584011,0.833704271434765,0.253665965108962,2.38310626789066,1.40759249017355,0.0325360573413201,0.822811292373976,0.91175404068528,10.881073474884
"C_hpom","H",25,30,0.846754625580231,0.192669367038157,2.70723199154236,1.81977925650507,0.882077014338868,0.539955845901973,2.19985035637628,0.690069966512864,-0.0459937229247498,0.792060698884708,0.852872378338788,9.55265259742737
"C_hpom","H",26,30,0.87083515234833,0.290223924570757,3.07826672220197,1.33729505785584,0.558187974263542,0.394014520370619,1.05904919511315,0.833244577360205,0.078679723981529,0.102797263848745,0.699130403727157,9.10945343971252
"C_hpom","H",27,29,0.922031724919719,0.130139912849958,3.57566946917767,2.58329136033464,0.874300040847737,0.611759616393316,2.02301206563632,0.745891335865212,-0.0402782526812329,0.75411846689353,0.817742411303128,8.7619891166687
"C_hpom","H",28,26,0.868606489463381,0.163585525602455,2.7542194485124,2.19318684326564,0.855738516945415,0.65512152140524,1.91194123268531,0.57593913140064,-0.0703291369523416,0.724720557639828,0.792290803714898,9.1063666343689
"C_hpom","H",29,30,0.870616783777061,0.289935617639747,3.05956565692966,1.22908572910412,0.633263056477761,0.313420474119586,1.45246890950184,1.21142950557573,0.0171256101962242,0.523010116245277,0.789741827899022,8.4913182258606
"C_hpom","H",30,28,0.841273664755851,0.303798184707297,2.8536965491906,1.10054556554422,0.561535682843295,0.460542809177098,1.17161664329238,0.994104225225122,0.0384146088579053,0.266919287016687,0.724679434103114,10.6919333934784
"C_hpom","H",31,30,0.829919938236393,0.320220588621238,2.7843935728324,1.12852705397854,0.847142671928849,0.18977530683457,2.27109400640782,2.03249484315805,0.0332739265599775,0.804902081457129,0.912911318289446,9.27972388267517
"C_hpom","H",32,28,0.781013208228931,0.347034051626622,2.45608765560216,1.05474190726914,0.886981389264813,0.205334982698502,2.88473404603235,1.78169695047618,0.00598204408013323,0.879076335967983,0.941335559838438,9.29370999336243
"C_hpom","H",33,30,0.81552106462108,0.335505346352083,2.61230350805077,1.04510647538843,0.866816698228079,0.20791292682011,2.41989876364553,2.07027030056876,0.0351858394006946,0.828158338557485,0.923553289566018,8.55196714401245
"C_hpom","H",34,30,0.801202435981066,0.350353600249674,2.54384962380992,1.00822087242224,0.831617322894968,0.205153133963931,2.12260046407757,1.86132697620469,0.016088318984674,0.776649798486006,0.903265350973487,9.51884484291077
"C_hpom","H",35,29,0.848302288265698,0.189753178252462,2.67955278992038,1.92987590970824,0.901376622887529,0.520354606150253,2.30808230524558,0.681576305481173,-0.0530552250119314,0.811105081386054,0.867670986190555,9.5670793056488
"C_hpom","H",36,30,0.835999839692258,0.334942867910991,2.7155297102992,1.14037349826927,0.848848747917781,0.156057537182497,2.04496955326167,2.09282959603588,0.00576792742205558,0.759370335451913,0.903304367769479,9.85713958740234
"C_hpom","H",37,30,0.836591664277231,0.304523833772457,2.88261815380035,1.15164663190878,0.773470692127715,0.26104836964929,1.90534535354033,1.45106967344368,-0.0190930384696443,0.722811347091497,0.874816254770022,11.2989497184753
"C_hpom","H",38,28,0.867559586222461,0.17860629564829,2.84626627209963,2.06028571761336,0.891306746854796,0.554717455898479,2.16658242542294,0.581019123470644,-0.0592985995318732,0.785625844578308,0.845819080505217,10.0446195602417
"C_hpom","H",39,30,0.820063256192402,0.330425837192791,2.6456449254145,1.11367511580305,0.806512950641042,0.24636547535142,2.07929963766587,1.4152266749335,-0.0436950717238956,0.767250529008902,0.892601592290646,10.3806803226471
"C_hpom","H",40,30,0.811048813371778,0.336642661921915,2.64349815538189,1.0780940179358,0.82147034859338,0.195219730946927,2.25666123497617,1.70922137778539,-0.00209090705405482,0.802398552756192,0.905486854911922,10.6632995605469
"C_hpom","H",41,30,0.769671051736817,0.330573834100641,2.52157725201863,0.997167692950688,0.894532629410068,0.221859183953497,2.92187766068728,2.40813128841214,-0.028541172247301,0.882131216229527,0.931220659394746,10.1145906448364
"C_hpom","H",42,30,0.857776847080206,0.291368712190156,2.91214559940792,1.16806204908469,0.786426817509583,0.293066865143268,2.06392895579734,1.41718487962453,-0.00430545910621222,0.763770913613532,0.886195621075007,10.1638853549957
"C_hpom","H",43,28,0.856017221773656,0.306101990577775,2.90283995990054,1.18638818491358,0.712388627815001,0.305604463835232,1.46028097359311,1.17781999314665,0.028791031997429,0.52809997002433,0.819415396386205,10.2664325237274
"C_hpom","H",44,27,0.893408928599593,0.15309949323027,3.14101372227148,2.3169227246656,0.871060164595587,0.573556268060535,2.13340317129911,0.754851222294209,-0.0469659204126835,0.778905985379867,0.842210321913836,9.56459164619446
"C_hpom","H",45,30,0.837509380459821,0.205465966388038,2.5741247883929,1.7915434316008,0.881577407230056,0.529702361774993,2.23165427758553,0.64041746739294,-0.0308312499256409,0.797945267420903,0.858147844077752,9.64223408699036
"C_hpom","H",46,30,0.82855085274171,0.313801444487376,2.82438235568096,1.17391993080777,0.784486795349177,0.272910633992719,1.6831844122281,1.21290043798305,-0.0049446911881248,0.644811041066574,0.86264552923698,8.88798499107361
"C_hpom","H",47,28,0.884547817185592,0.173695686691324,3.01848297020834,2.10314782110387,0.892042930868012,0.551557383049324,2.14812029794239,0.647127417688978,-0.0568346229040856,0.781925110724877,0.842206913959008,9.12189722061157
"C_hpom","H",48,30,0.807183087913318,0.34140379683764,2.56871197405592,0.970095157311636,0.881280234506816,0.178738043189064,2.80151997537979,2.76566533447561,-0.000737992541540418,0.871786011203479,0.938171300407574,9.95342326164246
"C_hpom","H",49,30,0.82256155147247,0.318872940464518,2.74145322013883,1.1409688745304,0.843774793080057,0.220570110391331,2.32055899429147,1.66837157512917,0.0135365468883216,0.813130841077531,0.914763121326766,9.26225256919861
"C_hpom","H",50,30,0.876028396109669,0.282132196316223,3.14889258496203,1.33930905417289,0.53510459335633,0.363808230524443,1.22728663273056,0.859033245480692,0.0153129906077197,0.331916339418638,0.721151241655377,9.74632120132446
"C_hpom","L",1,6,0.883670291164352,3.2708012736769,3.24109752108457,3.07782445803659,0.945793991496211,2.49702290960545,4.31263068597865,3.31179008638198,-0.209933530152479,0.945289762457881,0.972194666000956,8.9653582572937
"C_hpom","L",2,9,0.921571409739015,2.81721110691818,3.91779292481675,3.77138155405141,0.870499933288296,3.4293894116831,2.79763595621692,2.19131296431332,0.147481266746781,0.869991802874382,0.92936381178702,7.56353545188904
"C_hpom","L",3,10,0.895019964347074,3.04430414395832,3.40115977625,3.22907317900842,0.930457452877539,2.9946732560707,3.77659763685575,2.91198514389582,-0.124837780502615,0.928656944777714,0.96452902939459,7.17676973342896
"C_hpom","L",4,10,0.925039917433559,2.64038336410131,4.00565756869341,3.05945868120158,0.880530539963953,3.7908240223414,2.85578051665513,3.10339188080636,0.623148220246132,0.875231921936794,0.93663621967883,6.64986419677734
"C_hpom","L",5,6,0.89306599256494,3.129877221984,3.29646464417602,2.76415006928481,0.938862087939133,2.8096938828293,4.05841325064129,4.1563592528238,-0.198329457559216,0.938221038532183,0.967557938417704,6.39919114112854
"C_hpom","L",6,5,0.883279471255132,2.99282752093435,3.30717817957267,2.94604757986433,0.921499441131002,3.38883878676792,3.55804597126374,3.55603540571294,-0.295423818976291,0.919623326595515,0.959648610309978,6.85445261001587
"C_hpom","L",7,10,0.908490975677759,2.93108529051181,3.63033533648061,3.18228661246881,0.908691334271644,3.23888088230461,3.28693402359862,3.08731372759993,-0.430187592497964,0.905817294004202,0.948972107005105,7.21145248413086
"C_hpom","L",8,6,0.912575227979917,2.60711034568936,3.8413170470795,2.99668028068609,0.867880222296979,4.25402925307248,2.70071052265673,3.30261053091085,0.192332359889378,0.860492657841972,0.93135687726258,8.73329949378967
"C_hpom","L",9,9,0.904965339126342,2.98317519459534,3.62220622528784,3.27379312492064,0.898700119539221,3.26725382768604,3.14395189913503,2.85894839676888,0.140634435915463,0.897055925854336,0.943688430320822,6.84741806983948
"C_hpom","L",10,10,0.891506916057847,2.75780263157243,3.42310697321281,2.95497982404691,0.897399308855253,3.9441964965423,3.12876461039115,3.78886808329676,0.385318928239041,0.896054101740222,0.946271491090349,8.71965718269348
"C_hpom","L",11,9,0.900802519983547,3.13494737483686,3.40863054055271,2.92230586421781,0.929039795923891,2.89481427484277,3.6511798782469,3.66688014659473,0.639858379233246,0.923671508530206,0.958915966838979,7.83878588676453
"C_hpom","L",12,10,0.927152689061807,2.64105077814839,4.02943778212352,3.78121281882408,0.877601373061132,3.80422689805546,2.80226339582724,2.40310398669253,0.845923590173212,0.870420819190296,0.929351134818562,6.9558629989624
"C_hpom","L",13,8,0.901317764958746,2.98236977111596,3.42430989910003,2.96860097991376,0.928883468853531,3.11348813124709,3.73363718594181,4.02739125505434,0.183609898644958,0.927005706207376,0.960611568875466,7.4550576210022
"C_hpom","L",14,6,0.913138918988729,3.04480578797056,3.63663986695825,3.37924827690175,0.88829901582052,3.19590361143016,2.9792136178886,2.82169774778173,0.113893168753376,0.885356391074048,0.936010021569407,6.3555371761322
"C_hpom","L",15,4,0.886247826877532,2.85273094734964,3.65948174749133,3.10699237803504,0.883049690988046,3.80536134041744,2.92666035570008,2.92249519300052,0.467474607177531,0.881202175262055,0.936521029482199,6.97413492202759
"C_hpom","L",16,9,0.915989415603163,2.99704428146965,3.61975201299908,3.19678822623262,0.903406173770369,3.17046075371442,3.19984620950139,3.03543918221511,-0.493808504307239,0.900620930462769,0.948872389918419,6.86159658432007
"C_hpom","L",17,9,0.904604340426574,3.00863673935342,3.66112234029037,3.34090823462462,0.905011942735685,3.05765818707339,3.14519707103162,2.8101624893279,-0.199124463526348,0.897137420076511,0.941184835672746,6.59240436553955
"C_hpom","L",18,10,0.924028766119991,2.84349152193433,3.97393673990593,3.66014444116228,0.836284138456149,3.44582181014965,2.46205204061841,2.22740521720903,0.32325395212396,0.832135569631741,0.913258688884667,7.25835871696472
"C_hpom","L",19,6,0.881093050675253,3.36305693993659,3.19040168317596,2.69006509600476,0.944286581079586,2.54567258653284,4.10973922440523,3.88804430305017,-0.65601443791298,0.939754500842318,0.969814336214993,6.23724055290222
"C_hpom","L",20,10,0.887761606704544,3.37399643926225,3.27749518881865,3.0922705122301,0.941645023968176,2.20357340072926,4.14537943729228,3.34411234046538,-0.243433601727368,0.940785978057982,0.969874388857375,6.21917629241943
"C_hpom","L",21,6,0.871860383002382,3.03004807118803,3.05632331426636,2.82554644641105,0.938387417810051,3.38057027187268,3.81589380959703,4.24753529588536,0.620453031975514,0.930118764134862,0.961148162573036,6.93346524238586
"C_hpom","L",22,10,0.91119184655341,2.83591118815709,3.60205495172682,3.12359187039862,0.900650359443834,3.65572694358378,3.13901185999014,3.21142536933871,0.458491169586752,0.896731653157202,0.948262295404653,6.48811912536621
"C_hpom","L",23,10,0.910113594601383,2.90992935825455,3.61011842585663,3.13960553856195,0.910839212116761,3.27764523800965,3.34971670110966,3.28615859339939,-0.196650444864616,0.909314681897456,0.954165759477907,6.3442394733429
"C_hpom","L",24,10,0.91269442564121,2.78637113463387,3.93223784132605,3.37224962629922,0.863159813728099,3.65083367911764,2.70294920451027,2.68141952507844,0.47586213470998,0.860723652357471,0.924738180841228,7.68004488945007
"C_hpom","L",25,10,0.919833016642739,2.72348347944208,4.04791777094609,3.83934831583485,0.864647234264797,3.5953517515761,2.68434960061553,2.20286967027025,0.72571270853802,0.858786900520381,0.925322455009841,7.64380884170532
"C_hpom","L",26,6,0.877930125984956,3.32770824242501,3.20575313326289,2.57827900914404,0.945250499419817,2.49823998850669,4.23093614624706,4.54413989637793,-0.183766880853457,0.943156580460657,0.97199434645582,7.24622845649719
"C_hpom","L",27,9,0.893573824692515,3.22127945511289,3.43265872261607,3.02549272216386,0.91892515127027,2.80711932950953,3.35989364727939,3.37689226473186,-0.875223311715044,0.909863212291324,0.954112875465549,7.82676672935486
"C_hpom","L",28,6,0.891992786148529,3.30478383148603,3.34882747508264,3.10219066745738,0.931112706099896,2.5486351964674,3.74308662256813,3.2964095270068,0.002747488178903,0.927373789758851,0.964621873401214,7.99801754951477
"C_hpom","L",29,3,0.867130069242861,3.04093935533105,3.28990234354818,2.85746603340402,0.915792483552485,3.42225694202239,3.47496587110802,3.38738117823772,0.068322652809394,0.915734063696324,0.955796670368512,8.16894578933716
"C_hpom","L",30,9,0.87737753016299,3.06735460517404,3.1861994414569,2.66735606838511,0.948724556326988,2.82830632611768,4.38732326340817,4.24230040402659,0.183713051670537,0.947136748997074,0.971858478931917,9.03424382209778
"C_hpom","L",31,10,0.904645656649369,2.58561470834023,3.81471031227992,3.62030690025309,0.895322660041307,3.953198632872,3.11322985409189,2.47091960198405,0.166874588531125,0.895014150906096,0.944002512932713,7.81024813652039
"C_hpom","L",32,9,0.936956680165698,2.65067473516179,4.199741327883,4.00625598517723,0.820736207592729,4.04628207120425,2.30859802132116,1.94790016583155,0.997220067893777,0.809077769403612,0.896709033854094,6.87987470626831
"C_hpom","L",33,5,0.880039190703891,2.95259906653277,3.30734888760116,2.61565452283674,0.92293556213074,3.46235639391933,3.56882850852897,3.56444624365482,-0.489302558255767,0.920108278586425,0.957023026484151,7.60689330101013
"C_hpom","L",34,9,0.885635945713102,3.1407367594515,3.25598888365532,2.90941913867873,0.934757191359058,2.95151091288458,3.9282079423714,3.85614967754825,-0.0965314943590451,0.934057683559833,0.965054333353246,8.68346881866455
"C_hpom","L",35,6,0.888164648605544,3.11068310517273,3.34813339569119,3.13000403635116,0.920582236394888,3.12749952409777,3.57700655723901,2.87075161269292,-0.0915502972086561,0.920473171128706,0.958328951150521,7.7526957988739
"C_hpom","L",36,6,0.901392289527118,3.10034713269394,3.49913386102314,3.4869328247145,0.907156665056155,3.05096457573066,3.30749378010192,1.99660014277326,0.0441175270722484,0.906984555545278,0.950623481051295,7.43649339675903
"C_hpom","L",37,8,0.895230506201523,3.17905288164946,3.45393037714563,2.93017304973763,0.913113316008627,2.97582057457232,3.29851252411197,2.98277632339297,-0.000852924354475082,0.90647733732047,0.954938251580729,6.90483212471008
"C_hpom","L",38,6,0.913234288388922,2.86718983283668,3.74900932483373,3.27719459307779,0.878507321187944,3.6100762888884,2.88499647242796,2.81239315807541,0.0803279104193163,0.87774614431141,0.936620023246693,7.37821102142334
"C_hpom","L",39,6,0.902138878722533,3.0526434209894,3.54746617358151,3.21253916280255,0.889830957656299,3.24094773659869,3.01941191203621,2.49773443847495,-0.183873833050732,0.888388637523142,0.938986184149728,7.58607888221741
"C_hpom","L",40,10,0.894781439276145,3.01991509339733,3.46792692804452,2.98141719437256,0.917268572609922,3.19322708786568,3.4645638499709,3.23317011706819,0.341347136072407,0.915227303280667,0.957237685301908,7.40085887908936
"C_hpom","L",41,9,0.900566221830588,3.15813362355926,3.52334643236255,3.37542123074767,0.910653833121778,2.77794808837192,3.3698406465921,2.75456528760574,0.0740493410226386,0.910394553321406,0.952444824843184,7.56898736953735
"C_hpom","L",42,6,0.91019368780375,3.02583707778728,3.66968885297304,3.42376104981033,0.863810427846828,3.27247457517137,2.69318160759261,2.17185380489253,-0.0244355989770186,0.859711568989479,0.919790170106525,7.07828521728516
"C_hpom","L",43,10,0.924481913224465,2.62103733703553,4.06980234377758,3.3330327535054,0.861916259553942,3.9947741632779,2.64858346073667,2.57958244604355,0.875585661316887,0.854947301580013,0.922497470038574,6.66021609306335
"C_hpom","L",44,9,0.874368483486667,3.29607293276072,3.14450814608774,2.9128466991956,0.956139781904261,2.35200253090939,4.79572561655901,3.97282764355153,0.179554290594189,0.955757008602075,0.977133680614384,6.30393195152283
"C_hpom","L",45,8,0.887033364548499,3.26097265705138,3.32051126780627,3.28112909329782,0.946363714431287,2.3520251371629,4.28699169843099,2.78509598877059,-0.414774105597377,0.944633400248416,0.971676354289886,6.92888379096985
"C_hpom","L",46,9,0.897676784539614,3.19132938417468,3.45701090452337,3.27905001420161,0.916008885076864,2.79893552969121,3.38137602373767,2.74245263192855,-0.521016675476657,0.911004878540637,0.955636366453218,7.38483738899231
"C_hpom","L",47,6,0.896143912858918,3.12698007612198,3.48699866648362,3.34333483520801,0.901907722683563,3.13579584289754,3.19590052254067,2.34799011921535,-0.383214562496255,0.900375390432548,0.94732289002471,7.60156655311584
"C_hpom","L",48,10,0.895490163437587,3.00533235936317,3.51344387728178,3.45679472858748,0.922607915163289,2.99456014886514,3.60062575395082,2.77587732230065,-0.25276791940245,0.921513100940701,0.95823976285489,6.4232873916626
"C_hpom","L",49,9,0.900186294509881,2.94017759629671,3.70039866630795,3.55740901269846,0.907781087472824,3.11744302398497,3.23389387732738,2.69349154431907,0.226438864798492,0.902702516084412,0.945469052084239,7.00566077232361
"C_hpom","L",50,8,0.905503417920513,3.07774506522725,3.58879681317775,3.12871551847944,0.903272309689771,2.98198949939289,3.2282812259972,3.16094202777007,0.0998301398565671,0.902363901488592,0.947237582926315,7.5142605304718
"C_hpom","M",1,30,0.869714564555163,0.237818487400514,2.99696077085389,1.76650615808724,0.892454313062321,0.195804786623989,3.00959971678772,1.82499333219171,-0.0306878404208457,0.88887024210673,0.943055932515467,9.2709698677063
"C_hpom","M",2,30,0.852549880204829,0.20680987900215,2.75544740290876,1.79339364390878,0.926891962194633,0.268966296688695,3.26987099939897,1.61293368478101,-0.0228740172490763,0.905857309935216,0.943738174234975,10.25963306427
"C_hpom","M",3,29,0.875601296399112,0.19155157591724,3.06070956785806,1.97635370884948,0.891061668679654,0.295368512107435,2.8882715683161,1.44547489830163,-0.0146243293933363,0.87933764631125,0.929063321753608,10.8589837551117
"C_hpom","M",4,30,0.885548298514929,0.199752521400716,3.25132137978691,1.84767344818446,0.880188068309968,0.262677887807473,2.82775967030704,1.75480918415884,0.0149333592070526,0.874118227231058,0.927865174062158,8.81516003608704
"C_hpom","M",5,30,0.844806185086703,0.233029535088332,2.93440181596917,1.58614461621739,0.914248320747068,0.2090731056473,3.18812211278404,2.18618113786029,-0.017379741162757,0.900967453228871,0.953771715091065,10.8563897609711
"C_hpom","M",6,30,0.86971493188797,0.229031058406087,3.14678717913291,1.83811966564623,0.851347821425652,0.220861433380336,2.56718255229564,1.66497366412881,-0.0283807192835221,0.847266488062418,0.920801584462942,11.1358268260956
"C_hpom","M",7,30,0.870205801398332,0.226689088872774,3.0715308858203,1.77748365394923,0.895363958848935,0.205625721680651,3.09617541838655,1.92584953265242,0.00905774248405897,0.894998204300386,0.943899227001512,10.0032422542572
"C_hpom","M",8,24,0.877222091910708,0.238112171222461,2.92841362702161,1.58354327527308,0.86923248472611,0.233974863975178,2.71085499060708,1.80932721920467,-0.0016747769338661,0.86302690497223,0.932266800479896,10.6041674613953
"C_hpom","M",9,30,0.874545793232341,0.239063373212143,3.12606036888161,1.82195461039314,0.852461054390155,0.194436233430281,2.46141005006091,1.70529918292668,0.0117270177693511,0.833857820313964,0.921588406712133,9.38144993782043
"C_hpom","M",10,30,0.872005670487336,0.222082625108959,3.0017597659326,1.75835457550275,0.897276858181464,0.227750146088988,3.10118246580847,1.98063363622936,-0.00918225704818136,0.895336994132603,0.942478218165443,9.83195185661316
"C_hpom","M",11,30,0.868875372250891,0.22107374069846,3.07388327368671,1.90428085746383,0.886090710065169,0.228621903029968,2.95818576890439,1.51094503816951,-0.00604704887214052,0.88497375145946,0.940946372045611,9.07770681381226
"C_hpom","M",12,30,0.882963803627884,0.217384904852115,2.90965431056921,1.94402655413214,0.918932604743034,0.227628976294779,3.41272159912416,1.52309796249763,0.0135222479708352,0.913573660231808,0.951664025274478,10.0830206871033
"C_hpom","M",13,30,0.870623359186486,0.239078474664525,2.94098115834888,1.73668488174276,0.907424740312919,0.186394352111124,3.29355869248616,1.85762543810111,0.000271969838351136,0.907206612650631,0.952063786494807,9.79231309890747
"C_hpom","M",14,30,0.855201974795014,0.212720993288741,2.84104857788274,1.76331593652751,0.906971226676805,0.255020587202903,3.2389227082097,1.67431909981556,0.00501521731532009,0.904049625508581,0.946918373392251,9.57124805450439
"C_hpom","M",15,30,0.851499634400777,0.239534604624906,2.9904696594215,1.7060200472492,0.884580594931207,0.227670705060102,2.54015802797097,1.55832732149857,0.0221771627855426,0.843999363110713,0.932092490274439,11.1245219707489
"C_hpom","M",16,30,0.866358942359509,0.227878864939951,3.01136992528075,1.87554790398234,0.897614843209407,0.211281385885027,3.13173780214716,1.49886431629301,-0.00888510319708769,0.897369356076694,0.94548820932276,11.0463948249817
"C_hpom","M",17,30,0.873835659336024,0.215133575191,3.11620259324088,1.79798645867613,0.884163111387008,0.237805658747906,2.93814504652353,1.78493107453751,-0.00852558141624441,0.88339924043336,0.936572864385812,10.4852998256683
"C_hpom","M",18,30,0.884826608903177,0.216321894093099,3.25964238812141,1.88796367197225,0.845108131517215,0.239980082784911,2.54723197247872,1.59573121884129,-0.00723242154751595,0.844864621975564,0.916772222437187,11.2773408889771
"C_hpom","M",19,30,0.803659858181934,0.227115314785862,2.59965731844947,1.63202192176903,0.934479016725574,0.215408262228223,3.8987694262175,2.20294665158775,-0.00326189829586486,0.933779456715818,0.966652284010304,11.0277073383331
"C_hpom","M",20,29,0.852422829421497,0.225531406379625,2.86678259864363,1.88005389939477,0.90011063918053,0.242337301978364,3.09118952557711,1.41075309995208,-0.00795922484197468,0.894659208646886,0.948468611044211,11.1811954975128
"C_hpom","M",21,30,0.884095981021235,0.222204719382939,3.24434290604237,1.78810683500949,0.845673559601799,0.253240058824035,2.24323907941173,1.61633460322492,0.0352308696160957,0.799969270637373,0.91179580815997,9.99653220176697
"C_hpom","M",22,30,0.882866986672733,0.225791234250508,3.15317527709656,1.82817781376768,0.869370971396236,0.221747952627243,2.6702727301552,1.62786738602633,0.017825870984073,0.85883188954923,0.931570076037232,11.1734535694122
"C_hpom","M",23,30,0.868166381545471,0.237283209030965,2.97863938279409,1.7808726720518,0.871222306866095,0.219199659650084,2.75181454501878,1.65411000445348,-0.00366142243244342,0.867074127628097,0.933372763392292,11.2136006355286
"C_hpom","M",24,30,0.868875371610599,0.24052604801548,3.15546944676946,1.81094320591825,0.820269553653536,0.184804233844704,2.31107971341515,1.75105874615368,-0.0122286842781826,0.811540518400885,0.905300922770884,10.5065269470215
"C_hpom","M",25,30,0.877186565463983,0.226028519978961,3.07488952416481,1.80706783169672,0.890010663994152,0.211192746821841,3.02266316953641,1.69571320696021,-0.000207325420812394,0.88982873544381,0.940919035282049,10.7042126655579
"C_hpom","M",26,30,0.863732064768488,0.226354197846547,2.91958409859186,1.78045251130362,0.910062849432599,0.215040564000468,3.34444405662492,1.9009637642092,-0.000493029811226845,0.910008814863142,0.953228988679165,11.174286365509
"C_hpom","M",27,30,0.847401921077135,0.228182068643227,2.92765424312092,1.84027874099328,0.906859184770839,0.215172035252617,3.27133259852576,1.71079220200629,-0.0152972141425943,0.905941415192349,0.951712749365162,10.8907392024994
"C_hpom","M",28,18,0.878494463940664,0.20767791588037,3.02858743070901,1.77632719606307,0.854437246261305,0.311557227451828,2.51074330289311,1.45860246516112,0.00186990922671521,0.840322686571725,0.90316488216637,9.8376042842865
"C_hpom","M",29,30,0.863107932781674,0.224373086060241,3.05663326326641,1.80065980547919,0.892576917329733,0.230524721096131,2.87526520479285,1.64222053148969,-0.0168873733615414,0.878243536451495,0.927782266555691,11.186187505722
"C_hpom","M",30,30,0.856005649503811,0.224316487134096,2.89789763695764,1.83403336846152,0.899309749433373,0.23509839652467,3.15721002393945,1.4683076750112,-0.000805629321112591,0.899018714060849,0.947729308513523,11.102757692337
"C_hpom","M",31,30,0.870447717368904,0.21974522771564,3.06283510511424,1.85335733673826,0.890596376945062,0.22951557668623,3.01613127745207,1.83328258619775,0.0240889116708965,0.889351033397454,0.941815209139593,11.3996126651764
"C_hpom","M",32,30,0.870369202890342,0.234486715834389,3.04228683278582,1.7920041163303,0.854281954532614,0.229715801245264,2.55565098206697,1.56696499783086,-0.0359826157777588,0.845885054689208,0.922499190433658,10.2351446151733
"C_hpom","M",33,30,0.849700277291853,0.239920701196651,2.96847427434834,1.67928600154335,0.896876376126992,0.211015991209254,2.81223107633328,1.69946304990877,-0.0284941709169955,0.872724199637617,0.942177155459788,10.1308376789093
"C_hpom","M",34,30,0.873275299865197,0.191196114586145,3.08474480506416,1.95391342448897,0.912923688287642,0.306594818704851,2.77341404291603,1.31647707454755,-0.0189952501343185,0.869136532873644,0.916068790653325,11.2860608100891
"C_hpom","M",35,28,0.840176244508586,0.242824975395837,2.72965437745841,1.67413158114118,0.907563189386839,0.217557698898167,3.28816651033055,1.70819663878662,0.000152554808798093,0.906902023993797,0.952433431702895,8.97986888885498
"C_hpom","M",36,30,0.853405360469824,0.246556401271294,2.97015370990384,1.61990808367019,0.913165840322101,0.175048436868641,3.03760219748918,2.15678452634977,-0.00131965059084367,0.890909722563113,0.950871394195138,9.96141266822815
"C_hpom","M",37,26,0.883407946828987,0.186573844938318,3.00063219153597,2.19226002784701,0.885997187008752,0.323348299473194,2.77497076608433,1.1119787566095,-0.010928042498492,0.869283317158362,0.921275501981625,9.54125261306763
"C_hpom","M",38,30,0.891673363613517,0.207537163956226,3.15226291855752,1.85878129076374,0.897112203665043,0.249920943313036,2.93436293807136,1.71222573157469,-0.0443011425164103,0.88309847264932,0.931987515662312,10.2529594898224
"C_hpom","M",39,30,0.869456036882204,0.232690687192003,3.03491270476469,1.70390988691715,0.888369599753953,0.203716035648308,2.99531540951551,2.14553664668091,0.00856439136294175,0.887807785249259,0.941715106772375,9.79612493515015
"C_hpom","M",40,30,0.849275937493027,0.237408116931772,3.05864933209297,1.64526763047555,0.910592339297559,0.220676360353806,2.49966208312974,1.82156942119001,0.00344985888060756,0.838903821671175,0.935384207708268,11.5216546058655
"C_hpom","M",41,30,0.830575797787337,0.235392533835664,2.62448837784553,1.59395003480418,0.933346043335877,0.206813136439561,3.88405401307307,2.09442111587812,0.000987239162029154,0.933276730126392,0.96577108380194,11.2568979263306
"C_hpom","M",42,30,0.868638210469306,0.230155563659754,2.96878528698519,1.86639813598004,0.918365045810011,0.196054990455546,3.40399394682843,1.60243551704558,-0.0413543125884218,0.913129907366786,0.953123533209794,11.9815587997437
"C_hpom","M",43,20,0.869205898598106,0.207757576457623,2.76586242511434,1.97056001268626,0.907345477830827,0.303337721766467,2.87904019464641,1.22132742951508,-0.000709379005666209,0.87856262062609,0.924709758834702,10.5916085243225
"C_hpom","M",44,30,0.867192395334664,0.235925880881142,3.19902650622856,1.71206015419517,0.841509764808278,0.199517928352384,2.25569011038293,1.8845455799637,-0.00616282125493225,0.802171448125204,0.911836181177822,8.82130908966064
"C_hpom","M",45,30,0.853462492465922,0.250075555771936,2.86689117866842,1.61731322060462,0.878382227452271,0.201023377784098,2.86566306723659,1.89598241856898,0.00466106839448208,0.877426217034908,0.936663150359413,8.55683970451355
"C_hpom","M",46,30,0.873995267464822,0.244901762759362,3.10641913426211,1.74426117920489,0.852099331624214,0.177757726724036,2.34201626327036,1.8976289594639,-0.0125096683672194,0.816486495119647,0.917769789600517,10.6464817523956
"C_hpom","M",47,30,0.874382846619018,0.228151031878118,3.13377473009518,1.75762724673637,0.865879799420019,0.215516487577722,2.70037222979588,1.59406806347522,-0.00533315258930227,0.861961390261806,0.930460501899778,9.94671320915222
"C_hpom","M",48,30,0.85956397851528,0.218681243131535,3.04338137819945,1.86734129160944,0.89984037655826,0.234224560023235,3.02884910308398,1.61068198809969,0.000888434171145761,0.890278289818547,0.936352574532576,10.8592841625214
"C_hpom","M",49,30,0.853690524959407,0.226839007234246,2.75235159268684,1.74099439428502,0.922977654828672,0.231492071002436,3.4196871454593,1.73041671909266,-0.00371780788729642,0.913925384548228,0.950798907146871,10.025506734848
"C_hpom","M",50,30,0.852988831666808,0.233697518350304,2.83667232226791,1.71481980351752,0.916735421777893,0.208353853725166,3.431072966941,1.73908815950177,-0.0204411021707774,0.914495704169919,0.957058303635875,10.5780553817749
