"filename","LULC","run_id","ncomp","R2.cal","RMSE.cal","RPD.cal","RPIQ.cal","R2.val","RMSE.val","RPD.val","RPIQ.val","ME.val","MEC.val","CCC.val","training_time_sec"
"P_Olsen","Croplands",1,3,0.238217117797774,23.9460208637291,1.30738548403105,0.427131479722898,0.231260184991461,19.2639859295648,1.14021473473812,0.520777493125311,0.448186626250323,0.228411053852843,0.397918690336984,16.1713819503784
"P_Olsen","Croplands",2,28,0.410972310934505,15.8655032009557,1.29255879806202,0.61871044527656,0.254595315177435,36.8305410894834,1.14819284018696,0.310788536806711,-2.27719519997644,0.239096421696628,0.342272100186147,16.4893531799316
"P_Olsen","Croplands",3,29,0.345102811822068,25.1706060581844,1.27987636838483,0.413627202735339,0.252532285845415,20.0357016680122,0.928678489167333,0.488085589016968,0.300771892110453,-0.163130711122269,0.497777743695263,15.5677618980408
"P_Olsen","Croplands",4,3,0.223064832611205,23.5348679448788,1.30946170270282,0.42943855787384,0.289503349770177,19.8228719372316,1.18623128988797,0.543554901334079,-0.915610850636291,0.287113247551388,0.434293867602715,15.5644972324371
"P_Olsen","Croplands",5,29,0.403290151239526,18.0714954261526,1.28981497345944,0.638343638861546,0.377019110498289,31.3246983883732,1.23856319336402,0.260799760103429,-1.37642696542514,0.346082506694329,0.453436054605374,15.4140977859497
"P_Olsen","Croplands",6,30,0.371276374209864,24.692849440905,1.31356555003164,0.438802380864591,0.214518598820822,20.505835238482,0.855552370850683,0.45147183922684,1.95160546100774,-0.370459156940032,0.451916795482854,15.723114490509
"P_Olsen","Croplands",7,3,0.245974448392296,22.9086288925128,1.32269843292034,0.460686348777917,0.178530841399399,22.7330446866919,1.10152961640582,0.407283769182936,0.615062176291289,0.173263830047606,0.33408138272442,15.3775107860565
"P_Olsen","Croplands",8,3,0.224649033289747,23.7131610955291,1.30112981222699,0.416214654395481,0.247367627689742,20.2861639124499,1.15430959831096,0.588857443751049,0.25216034177447,0.24713920594877,0.40160240377891,14.8978078365326
"P_Olsen","Croplands",9,30,0.406344252714498,15.5734786006962,1.30849023455221,0.647061299429243,0.353034262081094,35.7593416180662,1.1857632056848,0.302277101895495,-2.73647373103054,0.286550307347597,0.364638623588903,14.6292901039124
"P_Olsen","Croplands",10,3,0.249124757799312,23.9996710972184,1.32046099279038,0.391580646540161,0.184192416941695,19.1832441809058,1.07570610705114,0.665353249410461,1.78691121409375,0.13309396403593,0.387123205483187,14.7029719352722
"P_Olsen","Croplands",11,3,0.230564416040081,24.8823907575441,1.28758206168125,0.469900825203263,0.248877176287254,16.8069947597211,1.14103188737756,0.425355420597433,0.795761424090424,0.229515808560812,0.449944114374365,15.9060513973236
"P_Olsen","Croplands",12,3,0.24496595633112,23.0076438371269,1.31088582749603,0.466254303393268,0.18916259574889,22.8787375806631,1.11208220903588,0.397790784693122,-0.0885509578317502,0.188879254436822,0.326183307326686,16.259224653244
"P_Olsen","Croplands",13,4,0.270170727408971,25.2779919174319,1.29552235406169,0.385137687431821,0.207175719641689,16.0903317559624,1.01163051044094,0.807887759690414,1.60588736374061,0.0197982869603458,0.448776805150827,15.9125459194183
"P_Olsen","Croplands",14,3,0.253481367898045,24.1761392526371,1.29912993689512,0.437466510449816,0.139310465996787,20.2750303644384,1.06444271201249,0.476376424665715,0.794222806554808,0.11465057482238,0.307195879633358,15.9926400184631
"P_Olsen","Croplands",15,20,0.341043392974845,24.8198345682733,1.29764280063034,0.370394975829187,0.232460826116221,19.7304316720376,0.945828157173166,0.648214255399473,1.47750304087922,-0.121333553677549,0.479590875471369,15.1636626720428
"P_Olsen","Croplands",16,3,0.225232698795248,24.6717301453161,1.30242018024628,0.413568698461835,0.271491939594939,16.4851847496166,1.14881708544992,0.61487052489574,1.16675016706158,0.239923117973986,0.485288219570463,15.1799283027649
"P_Olsen","Croplands",17,3,0.241664731513099,23.3677940095453,1.32111963291115,0.429450382475161,0.246653901412709,20.2543030797932,1.15345864986263,0.527140019725082,-0.0593708821716143,0.246027970555241,0.407255405036636,15.4070842266083
"P_Olsen","Croplands",18,3,0.221927899434601,23.9451449547187,1.30180959777173,0.435167044079497,0.263255393164134,19.2245100801697,1.16560928580635,0.512813916135594,0.427907815382869,0.261665268739622,0.432378721318274,15.094254732132
"P_Olsen","Croplands",19,3,0.27240856546772,22.2679182411125,1.34623257646224,0.504824217436071,0.128532835969735,24.3450764423063,1.06561643713827,0.346566827177344,0.184020220293077,0.116599840127672,0.275085751679048,15.0433745384216
"P_Olsen","Croplands",20,3,0.226036792727834,24.1015724639917,1.29362256905636,0.402462803598893,0.279008889249887,18.9889982997919,1.17899678085061,0.620478021746367,-0.144354761160802,0.278337635945684,0.447504477801707,15.2524230480194
"P_Olsen","Croplands",21,3,0.237846202951694,24.5940211205459,1.28633224258178,0.422633129981199,0.212822264947228,18.7498722461384,1.11003085274732,0.507970307742316,0.963309114673587,0.18587855388164,0.41221000421658,14.8263146877289
"P_Olsen","Croplands",22,3,0.268773313057013,22.988788131,1.33688767188074,0.48106837611361,0.193897097556182,21.3306777117971,1.11480378645097,0.400197916369006,-0.77018002262336,0.192834808415087,0.322948454731511,14.2835340499878
"P_Olsen","Croplands",23,3,0.223581758503695,24.7949501998255,1.27503429477479,0.406547330958984,0.252656701814747,18.2512147284762,1.14427981167036,0.598709477016401,1.51487770897345,0.23388348643999,0.448133508574771,14.2824747562408
"P_Olsen","Croplands",24,3,0.236462773805176,23.7917692730097,1.29984674598853,0.458512394552151,0.188143602078669,21.0329135208992,1.10132451994278,0.456571656868082,1.63619501864666,0.172955880029886,0.359317743817479,15.2806091308594
"P_Olsen","Croplands",25,3,0.233390661312299,24.7742353270848,1.28592434764527,0.373599686440418,0.257579367816076,17.6228429804488,1.13623069778182,0.718214509375245,2.44152868870547,0.222990626064391,0.458373092767333,14.6623091697693
"P_Olsen","Croplands",26,3,0.250759126256806,24.4545478458819,1.30642867643087,0.472032693990041,0.162231124781859,18.9987143096374,1.02838057344061,0.435237456873882,1.22897551777133,0.0514689168461441,0.382567734051282,14.7692310810089
"P_Olsen","Croplands",27,3,0.256652492009212,23.633979780165,1.32318792903764,0.420871166960547,0.195061887474146,19.9809086639096,1.10502891772737,0.553618191798269,0.24618824909534,0.178491599724316,0.379951144840079,14.2856974601746
"P_Olsen","Croplands",28,22,0.361193846820987,16.5223871956157,1.26002320948941,0.6094722349003,0.347910830777844,35.3003158346563,1.18751578883467,0.314641496467737,-2.87773804915071,0.288654628386705,0.371438772139035,14.3713185787201
"P_Olsen","Croplands",29,3,0.258343767440183,23.0838355353144,1.32125989057261,0.489991128540846,0.146231298258856,22.8871974143326,1.06943408355447,0.406769207319807,-0.321657781005614,0.122895674428459,0.317940307809359,14.4466400146484
"P_Olsen","Croplands",30,20,0.322261039981589,25.298407093804,1.2838329994885,0.407925242555192,0.321790993174074,17.4145237155825,0.998334548366523,0.577714869743912,2.49180975459937,-0.00648450705552484,0.55845272763571,14.9081931114197
"P_Olsen","Croplands",31,3,0.239059379679663,22.804736121978,1.33469012984073,0.44644822441896,0.235893220532495,21.5389529481339,1.14495372808377,0.474597692822652,-0.0469542498541089,0.234785088896962,0.364818586392694,14.3137331008911
"P_Olsen","Croplands",32,30,0.378324546304211,18.2936495102948,1.26013983473284,0.551419115104574,0.405307674893308,31.0837066852474,1.25877618619871,0.350571791850418,-1.05341129087283,0.366914657297421,0.470925022892943,14.8254525661469
"P_Olsen","Croplands",33,3,0.236298998430602,23.6360206080125,1.31015472160857,0.419544807878463,0.235770696586342,20.1397952600325,1.14519876926478,0.546700572564919,-0.477938309515037,0.235112523940835,0.388615623167237,14.9166603088379
"P_Olsen","Croplands",34,29,0.359129802866415,17.8499328681459,1.23560813312378,0.607067552020748,0.396368344485414,32.6091720745268,1.24120650689138,0.282552665824887,-2.32866003241744,0.348864748653181,0.447820148158371,14.9535343647003
"P_Olsen","Croplands",35,4,0.267781874932919,21.7626484920985,1.35083586335697,0.453108124848877,0.203867829337703,24.4441690233199,1.12235256252225,0.44222551458744,0.279294799643222,0.203656040199263,0.343739379782689,14.6523087024689
"P_Olsen","Croplands",36,30,0.436079209533075,14.2621222315812,1.34017362602741,0.741979082998418,0.345375031722041,37.4307449863195,1.16765596379307,0.254180049808715,-3.63175863742953,0.264251319980578,0.334975229526906,14.7282404899597
"P_Olsen","Croplands",37,3,0.249590704146875,23.1996472406498,1.31515633670427,0.414693973585201,0.165278693488258,22.3704655730575,1.09241651419397,0.545620724125669,-0.583922463561218,0.15941278230831,0.316763075374064,14.7780358791351
"P_Olsen","Croplands",38,3,0.22443944651281,24.6485450195055,1.28659282237132,0.44566704409153,0.252930951154688,17.8225532970131,1.14965920721313,0.504168893494397,1.64556273720795,0.241036218017464,0.433153871986056,14.7104690074921
"P_Olsen","Croplands",39,10,0.303978181815631,23.7414406051425,1.3153415660463,0.459881076998969,0.181681520549718,21.1030286502252,1.05018115302675,0.437269927124964,1.68721761856387,0.0904410424148736,0.402429952527802,14.8954124450684
"P_Olsen","Croplands",40,22,0.361332228452896,24.5259280859814,1.30473222727596,0.40935100864699,0.205461294460162,20.5131675536637,0.948485509723531,0.509537404335842,1.08549480412145,-0.115059120687971,0.452523888212254,15.1684279441833
"P_Olsen","Croplands",41,3,0.24580076617973,23.2182573878339,1.31280637237295,0.465500136141281,0.174959034364399,22.3275606676418,1.09823457022753,0.408286562768652,0.216828348402439,0.168295455245476,0.334374812352086,14.8338158130646
"P_Olsen","Croplands",42,28,0.382895894034397,18.2065067149286,1.2798726556923,0.55612918549047,0.352990942581754,31.7183639826999,1.22236932190995,0.341776631541046,-1.28003026508449,0.328641623881617,0.438726634162853,14.7661375999451
"P_Olsen","Croplands",43,3,0.248303637791044,23.8537777462657,1.30813078899563,0.465266043729172,0.21391737267297,19.9615022723656,1.11547378851809,0.45285253968657,1.89911537344442,0.193804154244143,0.397806574433358,14.9840323925018
"P_Olsen","Croplands",44,29,0.376963026115682,17.8824944916713,1.27509115663208,0.57968866590889,0.374379635596762,32.0705108426674,1.23142922324685,0.316447196609604,0.0181356518987546,0.338483952769127,0.438644361127762,15.0231330394745
"P_Olsen","Croplands",45,22,0.357514255333138,17.697676871246,1.26436339274582,0.573267583299802,0.334342490282309,33.5572554487257,1.19284497079766,0.306942406709579,-1.48698549193182,0.294996476463614,0.38608425332282,14.9898591041565
"P_Olsen","Croplands",46,28,0.386945389495982,17.8436619046206,1.28192511141813,0.569788130056827,0.350677502967408,32.506792665876,1.21102742202961,0.316929377065701,-0.461236830209853,0.316007498309674,0.413012793867868,14.7213344573975
"P_Olsen","Croplands",47,3,0.254034855373477,22.1316758003123,1.34711742904463,0.518233518712494,0.182690747217704,23.8431171415224,1.10656422067078,0.381660441920681,-1.13676653128164,0.180769622582183,0.304588661593572,14.5257034301758
"P_Olsen","Croplands",48,3,0.241465554291414,25.3401585048333,1.28159893367275,0.439701278816974,0.238809768545963,15.5351596439127,1.11764545799527,0.579807102499229,0.742610221669598,0.196934109166629,0.456014040453176,14.2930977344513
"P_Olsen","Croplands",49,3,0.23820613351438,23.9532450514589,1.30809088652399,0.42591253410897,0.236294167836474,19.338982014232,1.13122263754596,0.50841783283961,0.0564351107443033,0.216095567090349,0.437916698060325,14.0972547531128
"P_Olsen","Croplands",50,3,0.22478788093437,23.0726684636399,1.31791707123803,0.417586914152713,0.216308858187682,21.9133454206997,1.12856612096334,0.605602511630388,-1.03298450781549,0.212400779486835,0.376618421271958,14.5765523910522
"P_Olsen","Evergreen Forest",1,3,0.447730952416689,14.2180456003159,1.50467439144272,0.578675711225543,0.63568182973855,9.04928981650268,1.31301615483154,0.771959550600379,0.58632976622924,0.412883749761492,0.774799201306988,8.56036043167114
"P_Olsen","Evergreen Forest",2,3,0.362330175259271,8.17451269486422,1.27331991678489,0.977646796612228,0.442362944747885,26.1557745928203,1.17883095689969,0.362034275314457,-3.69962773566431,0.271614694700145,0.330228113310405,8.33063554763794
"P_Olsen","Evergreen Forest",3,3,0.464668368039187,13.4551117340749,1.55362823642559,0.598523342589966,0.561746096504002,10.0216667535402,1.38738359586764,0.640766217628573,0.671744955245219,0.474138798197369,0.74804151165772,9.66329073905945
"P_Olsen","Evergreen Forest",4,5,0.446793335992416,8.10782499529558,1.45051011774363,0.967524459957096,0.44564212048095,24.0563945657512,1.23785894678498,0.444777309449069,-3.9061335529458,0.339425324449492,0.427655215361599,9.68962502479553
"P_Olsen","Evergreen Forest",5,7,0.54657648753444,7.31681037451058,1.62555278401647,1.09072614179014,0.455918304158357,24.3414681427864,1.2171203261003,0.324032474283497,-5.41397434164922,0.316722359028792,0.409432413472844,10.0486874580383
"P_Olsen","Evergreen Forest",6,7,0.52277906929272,9.10520000989695,1.5327649684802,0.901778263088691,0.460038036403206,22.3750394817569,1.23725172154889,0.304745004162316,-1.63595411129683,0.338776764358312,0.407446760663,9.98744988441467
"P_Olsen","Evergreen Forest",7,3,0.571673040736237,13.2280966399746,1.64718336257126,0.609514646697916,0.210061091007253,10.0362553934417,1.00405839981778,0.844098796602551,-0.418595648666307,-0.00402908209308794,0.456272720579509,9.76476263999939
"P_Olsen","Evergreen Forest",8,7,0.497251659274026,9.05720441110655,1.52649368269729,0.871850588942958,0.400578603877691,22.7076362942814,1.22255465379621,0.434569665116802,-2.03669191795987,0.322783277452307,0.404876724030059,9.65166425704956
"P_Olsen","Evergreen Forest",9,7,0.553226949941519,8.30453563727698,1.62586659982537,1.00916342177899,0.532505192481424,23.2141791084846,1.21242451538946,0.29992127946731,-3.72063874053346,0.311419338698102,0.371449856377633,9.89429140090942
"P_Olsen","Evergreen Forest",10,2,0.430974162232171,12.9581818187346,1.53345433961197,0.590923121554698,0.628154829431917,10.3649818426897,1.64164059254251,1.06370247602276,-1.01861002284094,0.624415141651516,0.772213355003971,9.87879228591919
"P_Olsen","Evergreen Forest",11,3,0.536429020165676,13.3906303822129,1.63492376882548,0.590926870068108,0.276871020816285,10.057134957106,0.934536589463368,0.804987984602887,0.0234047762157958,-0.158968468411806,0.518593076410333,9.98335123062134
"P_Olsen","Evergreen Forest",12,3,0.478490584597563,13.9999931196279,1.56171807539221,0.59420682059743,0.485783565229933,8.28024155695233,1.14051825435404,0.941005983509964,1.76957061210594,0.221856384311345,0.678025536121941,10.082065820694
"P_Olsen","Evergreen Forest",13,3,0.439990892504411,13.7001863686611,1.51615177452269,0.578594077970537,0.635516467970328,9.05231302243305,1.58663096351077,1.14788361540851,1.18971485129015,0.597920075971749,0.79407685262678,10.0045034885406
"P_Olsen","Evergreen Forest",14,3,0.498926003556612,9.10247070207324,1.46077744661348,1.00730169863789,0.369931618047076,23.613557687433,1.20446009919017,0.188256888641809,-0.865473926314967,0.302282838865021,0.3789226602415,10.2246778011322
"P_Olsen","Evergreen Forest",15,5,0.454436756328017,8.6192648885021,1.43997310529583,0.916180498238794,0.398190827115239,23.437719377475,1.24592410780229,0.38799239395022,-0.394269759789447,0.34794975631396,0.440814647544208,9.83282995223999
"P_Olsen","Evergreen Forest",16,7,0.377616218187986,8.47025647746356,1.28559420964286,0.936090633276117,0.468954497184736,23.9740506949247,1.27541884880778,0.344032548147821,-2.39052442238078,0.37775906536805,0.463996178635122,9.98745846748352
"P_Olsen","Evergreen Forest",17,10,0.533164673790417,7.4795098324546,1.53748776361102,1.01508654578616,0.465061605312128,24.6008819099513,1.21777103898296,0.392580104865806,-4.26873352722845,0.317452379301974,0.394186718301566,8.79099535942078
"P_Olsen","Evergreen Forest",18,3,0.527063737064012,13.7733398310608,1.58674548841336,0.632306361915216,0.336308586937241,8.95241927020007,1.06553257060146,0.614723259032193,1.07466687102185,0.108480635262709,0.575895079070807,8.53062582015991
"P_Olsen","Evergreen Forest",19,3,0.474092610701216,13.5166834104959,1.56665238752664,0.584324786646035,0.545256703430658,9.27583043442516,1.39083685905288,1.0097003191478,1.81232477126696,0.476746843492659,0.730250494935602,8.59422898292542
"P_Olsen","Evergreen Forest",20,3,0.501305448624129,13.2597183225265,1.57589463602016,0.59319044030049,0.518447203771076,10.5822121908146,1.31253489216947,0.731628341068449,-1.29793605711241,0.412453119028024,0.716650317249171,8.51678061485291
"P_Olsen","Evergreen Forest",21,4,0.477182984545018,9.33575074916756,1.4527687677242,0.898596960801254,0.430821092891272,22.8151495233368,1.23166617587169,0.315498953563169,-2.14578112753482,0.33276593592386,0.40974722397634,8.89805579185486
"P_Olsen","Evergreen Forest",22,3,0.451768532297767,14.1865203119474,1.52003290707761,0.664748789176862,0.660401190342146,7.82722596509062,1.40337860866018,0.799593544112986,2.11750893214324,0.486057497120215,0.789145596995635,8.33652663230896
"P_Olsen","Evergreen Forest",23,28,0.489873079926918,7.31985425691785,1.35225618467053,1.0122839184943,0.253022329216122,27.0098710610176,1.15084569266975,0.367754452716954,-3.5818413757144,0.235759503650415,0.367443377561691,8.64400768280029
"P_Olsen","Evergreen Forest",24,3,0.486272060415326,14.2495031080064,1.54175929237978,0.541030798868229,0.597258547972291,7.87364900694439,1.13642218628201,1.06413444930174,2.59484479143604,0.216236864752606,0.722239742634144,8.6493616104126
"P_Olsen","Evergreen Forest",25,3,0.575292531367876,13.3649841229086,1.65049824063695,0.670011517982348,0.20379992513683,10.5178274969862,0.758986808143834,0.672337315099178,1.93539390025376,-0.757097192815454,0.41864773214882,8.69881153106689
"P_Olsen","Evergreen Forest",26,7,0.47242406002278,8.86474912899773,1.51735044742773,0.893317953476631,0.433480059368228,22.5276776563113,1.2538213574449,0.290289158952339,-1.50172390039924,0.356137823377364,0.440840915268037,8.53015112876892
"P_Olsen","Evergreen Forest",27,3,0.500965541322347,13.8506925760061,1.56885328125974,0.59522041982808,0.447961684797758,8.71552140301961,1.14824786443932,0.870070136867856,1.34718964714442,0.232297513480536,0.660108973443012,8.99520087242126
"P_Olsen","Evergreen Forest",28,3,0.439621035062154,13.9872136024562,1.49420275449935,0.554327857596915,0.663088892382155,8.43911447781584,1.64167431672199,0.921506168738774,1.16105723348213,0.624430572435743,0.811403476680651,8.44526982307434
"P_Olsen","Evergreen Forest",29,3,0.480575453370525,13.7702181629052,1.55892500915367,0.552429395816854,0.535525040976692,10.5673611936799,1.10739064287159,1.15984221371466,1.3382809368522,0.174603655912467,0.700924094323474,8.55917644500732
"P_Olsen","Evergreen Forest",30,3,0.475632639002548,13.2936461485117,1.56297279498072,0.567132686230259,0.514069076414203,11.2075635187528,1.27929599442515,0.81637707738088,0.64501536411221,0.381524984949939,0.71428873586073,8.58813309669495
"P_Olsen","Evergreen Forest",31,3,0.520230951386238,13.7399240782927,1.55967461875126,0.649239100534276,0.511473980383627,9.92554166670265,1.18046679628827,0.611052243158317,2.11812696592098,0.273632025127476,0.697028051921779,9.54742479324341
"P_Olsen","Evergreen Forest",32,3,0.524994027186482,7.89691514171873,1.53572857170965,0.821917778463977,0.319544078421828,24.5359438096433,1.19097487173566,0.547023436478727,-3.98334496681657,0.286393095982972,0.413854791299307,9.63435292243958
"P_Olsen","Evergreen Forest",33,9,0.527790099414454,8.96007428614796,1.55782026792515,0.885092723199889,0.421180711779536,22.6059427559753,1.22364465773557,0.358018570044407,-2.43338008851739,0.32398924867268,0.401990765207064,9.95796728134155
"P_Olsen","Evergreen Forest",34,3,0.540513794616233,13.8702789693287,1.58217332025317,0.633362798212356,0.40022909941302,9.24246136886553,0.948959826412698,0.824658091152568,0.311598240234653,-0.124005886056971,0.604150798151831,8.9185643196106
"P_Olsen","Evergreen Forest",35,3,0.440310604546147,13.3441060357667,1.48687842056491,0.581183953365849,0.629920001107861,11.1130660532154,1.5423558065517,0.865505469322487,2.90502105975602,0.574504379497361,0.78114702162375,9.64183115959167
"P_Olsen","Evergreen Forest",36,26,0.526725351753731,8.93629282082047,1.42380913751014,0.87602326904069,0.3010603112808,24.1779134454998,1.19920952076218,0.362864139197792,-0.548492041599706,0.296159741098072,0.489931091590982,8.79845523834229
"P_Olsen","Evergreen Forest",37,27,0.522436138945865,9.17828726763667,1.39607275705033,0.913205809057032,0.29487698805747,24.5791381146045,1.17810924749066,0.260242030057161,-1.95626211459455,0.270722004067519,0.375227357961874,8.69952845573425
"P_Olsen","Evergreen Forest",38,3,0.488186941781977,13.2596679484363,1.60325082107224,0.580473419842139,0.435548043916892,10.7328076255745,1.17163514812343,0.994444093507047,1.15681617906771,0.262640200137561,0.656039957794626,7.49858784675598
"P_Olsen","Evergreen Forest",39,3,0.512419045882484,13.4804179616697,1.55311480608279,0.611176264966455,0.551229791670513,9.86965624083225,1.39750428096244,0.667053642938717,1.0998476963033,0.481727761667901,0.740065091048943,8.87390661239624
"P_Olsen","Evergreen Forest",40,3,0.525561974470083,13.3143530369973,1.5826741794544,0.603176923255983,0.470340991439339,10.9333815768719,1.21604400583557,0.725583809018556,1.253473888468,0.315512285988031,0.681514862234304,8.45790481567383
"P_Olsen","Evergreen Forest",41,3,0.50647116690927,13.4432584213191,1.57099626317195,0.708106580388561,0.549013974551131,10.1651356020914,1.27650018989639,0.54550293936651,2.83059943387992,0.378812836769993,0.72248686365398,8.76001787185669
"P_Olsen","Evergreen Forest",42,3,0.452816722487952,12.9683916240412,1.55805871031618,0.693343616592451,0.586206223519649,10.8827029985719,1.48557801737305,0.617191891654252,1.4112283436604,0.541358540011309,0.761922410754093,8.54571485519409
"P_Olsen","Evergreen Forest",43,3,0.529666544106319,13.610552698503,1.60007088516958,0.727288833839109,0.35137139897497,8.62973257618569,1.09490491235944,0.574524187885254,1.26382422654157,0.15567153403075,0.587525521591285,8.64613223075867
"P_Olsen","Evergreen Forest",44,3,0.495182171519168,13.6730253010877,1.58179688341652,0.57200519473754,0.469640205483981,9.97797732872367,1.09048868672705,0.834004169967829,0.612202742642307,0.148819018577419,0.667893825791806,9.83284306526184
"P_Olsen","Evergreen Forest",45,3,0.485076604233088,13.2593945000023,1.57384424405087,0.607394968148705,0.514874782813267,11.0741473804903,1.26780466063756,0.710583418265073,1.11651356965945,0.370262505302458,0.712868219511745,9.60755681991577
"P_Olsen","Evergreen Forest",46,3,0.569095292121116,13.1256417510152,1.62759191899308,0.651979328884101,0.37584249786242,10.4432535821118,1.12959554313846,0.581811812978243,-0.125561071372836,0.206734987921493,0.612851587720736,9.75434899330139
"P_Olsen","Evergreen Forest",47,3,0.503438161728186,13.5768104007421,1.59038083567079,0.459299361627614,0.450662679106687,9.8951594942165,1.12443499798169,1.29911350671138,-0.351511617799059,0.199436969261832,0.662710028780487,9.5587215423584
"P_Olsen","Evergreen Forest",48,3,0.487953405460109,13.9043170968994,1.51486795739311,0.556289884364393,0.653183396233507,7.84877754127978,1.68475578964585,1.07757853443008,1.14162735848264,0.643392621368306,0.795045490763877,9.26876449584961
"P_Olsen","Evergreen Forest",49,3,0.474853962711548,13.8814177921308,1.50939256351318,0.728563079899029,0.606574973026907,9.39856734987702,1.45050010535916,0.744661743589206,1.60346530971629,0.518907362516426,0.772810573636242,9.74362707138062
"P_Olsen","Evergreen Forest",50,7,0.483258474004832,8.86398895761405,1.44244169878591,0.885653444238171,0.430566687869146,22.8217202614816,1.26770958452365,0.354427764748829,-2.36341302795188,0.370168043227398,0.469428208216387,9.76183581352234
"P_Olsen","Grasslands",1,3,0.0926788194625831,13.2065028881564,1.19116445848211,0.399614746212102,0.0994848154629249,9.25034748255369,1.04368773153713,0.475962947154558,1.3792529604537,0.0781879182045263,0.190457508360733,13.9598670005798
"P_Olsen","Grasslands",2,7,0.160828169437215,12.84696208587,1.2074640972489,0.361245385794701,0.0795930433161261,10.5953650314,0.990748820415951,0.492495509549284,0.486048610362024,-0.0229547537125829,0.248339045820907,14.135505437851
"P_Olsen","Grasslands",3,7,0.143313233398055,11.295659347382,1.11967580438195,0.413927510223974,0.0494170546596638,16.8567999780464,1.02533041136174,0.314381189306499,0.117493687706975,0.0448845391877782,0.118676151706791,13.3284776210785
"P_Olsen","Grasslands",4,30,0.309287045903585,10.1496505944708,1.17808838396714,0.47886296969156,0.0308441815773201,18.557672915533,0.991059582289839,0.275827512064596,-1.15576722696086,-0.0223133281083596,0.120143226558733,13.1705837249756
"P_Olsen","Grasslands",5,7,0.205757188312088,12.0083713864909,1.25201720354432,0.412500216771485,0.033243335664951,12.1864166370225,0.986543876618486,0.414419232119239,-0.222295430914391,-0.0316936135161299,0.133655675077179,13.6200940608978
"P_Olsen","Grasslands",6,3,0.0762167389057014,12.1677589377782,1.20767581842268,0.399161813595795,0.0729721596530939,12.4540175151809,1.040625886054,0.418832428462682,-0.189423037250476,0.0727554213683692,0.135341130173623,13.8034918308258
"P_Olsen","Grasslands",7,3,0.105430220451396,12.648975643433,1.19958512507632,0.416984785858001,0.041551337489767,11.4547779959554,1.01204481567723,0.36426910468918,0.396846400502867,0.0196434297979872,0.126366136787092,13.7294044494629
"P_Olsen","Grasslands",8,12,0.194730149193835,10.4182556242368,1.15160520634991,0.441963807673158,0.0766859436528484,17.6342850874496,1.03749042655322,0.316387823341407,0.00629825330176471,0.0671423940757102,0.181944129145167,13.6841711997986
"P_Olsen","Grasslands",9,3,0.0848577873629581,13.4675099243871,1.18061495284707,0.391011542190466,0.105609950978652,8.59012596958267,1.03788704555964,0.496753690238062,1.60058399232114,0.0678552237895289,0.217427558526654,13.8091044425964
"P_Olsen","Grasslands",10,7,0.167864881913082,10.5431431042385,1.13975185150819,0.485732513479898,0.0598329634180653,17.7352015017795,1.03147028440594,0.26060453694514,-0.261897273651064,0.0562214318600729,0.135729603107917,13.5783150196075
"P_Olsen","Grasslands",11,11,0.190942552397286,13.0496475033122,1.20367199350014,0.383293351313163,0.0864733498825125,10.0527982372288,0.968000083483579,0.45853526214515,1.79311024230769,-0.0716001437966547,0.261820948214114,13.8592255115509
"P_Olsen","Grasslands",12,13,0.280888770969263,9.57803285605773,1.20224354498173,0.503788066142224,0.0327438587909541,18.9723614983387,1.00251830713579,0.277635331556445,-1.52881627616961,0.000923074779323185,0.109692408482672,13.842964887619
"P_Olsen","Grasslands",13,11,0.184380429703683,10.7353105678936,1.25474408845624,0.422249325842226,0.185653700769233,14.2327177400091,1.10430474756513,0.398822654863972,-1.13164505502818,0.176609836977023,0.278560382106791,14.2255461215973
"P_Olsen","Grasslands",14,3,0.064771002025541,12.1964133145082,1.21953101924929,0.409568489209685,0.16655872597885,11.5821403146132,1.07668567257246,0.441661276417618,-0.419112164976615,0.133824920003486,0.178356237555138,13.8334951400757
"P_Olsen","Grasslands",15,13,0.200312445095418,9.54497906186925,1.15324660745144,0.524698613012904,0.0831512911242121,18.8628555824398,1.04404476000967,0.250213709921726,-0.979389930883124,0.0788182683566911,0.171814938861433,13.709085226059
"P_Olsen","Grasslands",16,29,0.277277076798635,9.43264326767955,1.14543268614746,0.561702433203901,0.045622033045126,19.8796207353175,1.00530755239456,0.210399659062369,-0.491133803686071,0.00645930045369447,0.149850957448996,14.2353210449219
"P_Olsen","Grasslands",17,12,0.194362336068135,11.8540618679865,1.22295428689265,0.387496792336231,0.127852316311844,12.6861947791576,1.06202267375923,0.420052745741764,-0.0219224282371797,0.109741815465302,0.283318151855023,13.8224036693573
"P_Olsen","Grasslands",18,12,0.194686754705281,11.1245023216073,1.14094385096294,0.432748048930647,0.0844598046983231,16.5367661423562,1.04051534468228,0.309893837820811,0.506801322818407,0.0725583952836337,0.198690149055198,12.4400737285614
"P_Olsen","Grasslands",19,3,0.104539568303813,12.6814394554052,1.21682158735615,0.413127720510227,0.0639593682232763,10.4817943706247,1.02790181830139,0.411978860423175,0.736924975049993,0.0496572101145479,0.157374946284772,12.3324058055878
"P_Olsen","Grasslands",20,3,0.0779300526330807,12.784786210952,1.20860545259087,0.405205626008998,0.137069372323683,9.97645739413143,1.07282507820684,0.456749700317516,0.980406277287925,0.127579787676439,0.222727697076899,12.9800102710724
"P_Olsen","Grasslands",21,7,0.152013465398192,12.6106715147348,1.22055067969928,0.363543330713455,0.111731435392686,10.4661838116422,1.04304412675574,0.551345913548847,-0.0165913369912507,0.0770499688328627,0.273786848491584,13.4080398082733
"P_Olsen","Grasslands",22,3,0.103206515482852,12.7982933887938,1.21395607361803,0.372312589284147,0.0719197302323306,10.0631569593816,1.03623435842,0.5249640317967,-0.142362342935504,0.0648795027555777,0.167569414224069,14.1094815731049
"P_Olsen","Grasslands",23,13,0.189959953039202,9.35241278065795,1.12725098230183,0.515991029606855,0.0969166984979426,19.2468350227172,1.05304493642226,0.278119286557083,-0.985553953054765,0.0944973108432843,0.173175002653901,14.0483798980713
"P_Olsen","Grasslands",24,12,0.238009549862713,9.62749356503003,1.15929708786788,0.516725707620297,0.0512413994441631,19.028884602689,1.02501748197049,0.263486553714845,-0.89734986070536,0.0443012724077347,0.12288815430271,13.6051392555237
"P_Olsen","Grasslands",25,11,0.17002866915434,13.1877443877853,1.19247118462502,0.396191787720678,0.149656383269636,9.18387983532722,1.05358629246131,0.482272661926896,0.36400117290804,0.0954276065675191,0.345312658629234,12.7662875652313
"P_Olsen","Grasslands",26,7,0.166109328905075,13.6527087609987,1.19389983559094,0.382915536507612,0.070997752969566,7.54693545329271,0.936305246132641,0.62040949654037,0.896450964326081,-0.145377478207,0.249349473136571,13.5015921592712
"P_Olsen","Grasslands",27,7,0.147962471857415,11.1976064428758,1.12765228705742,0.492342513386648,0.0725540310038957,16.6440308568244,1.04030720980643,0.248315552918204,0.0784748306835483,0.0721872505841897,0.143249390186278,14.0304498672485
"P_Olsen","Grasslands",28,7,0.141992584531675,12.0199417392769,1.21027522916891,0.401240696886284,0.111199329543799,12.5993958162565,1.05936679948237,0.426050415693259,0.214696466298894,0.105272395331541,0.233528662466097,13.1272447109222
"P_Olsen","Grasslands",29,11,0.179492980155329,12.1941488501451,1.21601795819746,0.423152760673297,0.114898395719153,12.1612812293702,1.03610034280174,0.386166700812594,1.00778184841337,0.0646375785880307,0.284404998580094,13.2537336349487
"P_Olsen","Grasslands",30,3,0.0818036433375058,12.7076550675194,1.18975074642081,0.36123437806658,0.0926369584489724,11.2002024955263,1.05104451890045,0.480041691402235,0.464255765722096,0.0910472053809965,0.166866690110344,13.2426307201385
"P_Olsen","Grasslands",31,11,0.230472106685401,12.3234615079588,1.23952004313934,0.39504478079117,0.0400265127552536,11.9122821399319,0.946125612205702,0.432301847329267,-0.0836128050732246,-0.121723850800077,0.176822494411069,13.3187401294708
"P_Olsen","Grasslands",32,12,0.14625092243146,12.4478899956883,1.20329380701091,0.368558749843475,0.217782615821074,10.7851311113826,1.12929067269228,0.512018399959174,0.521195368001375,0.212642315518065,0.383217624714964,13.1051099300385
"P_Olsen","Grasslands",33,13,0.216267448290698,9.87045111577769,1.16444848737026,0.488263261067808,0.0777970214032699,18.2930265069597,1.04049526922762,0.311768675775448,-1.33458590398328,0.0725226065740666,0.15169376453343,13.3586366176605
"P_Olsen","Grasslands",34,11,0.18697985578759,12.0306125017269,1.21927534144392,0.424452310658915,0.137932654594073,12.2354390029114,1.06470400604043,0.357616377635396,0.967251772775156,0.114220191064797,0.298002042206391,13.2143166065216
"P_Olsen","Grasslands",35,11,0.147209738508676,10.2986590322383,1.11776208418304,0.443849785267291,0.118003912737805,17.8551598359389,1.06451035217027,0.323965918151964,-1.09484748653359,0.113897882708834,0.196640035288601,13.7161436080933
"P_Olsen","Grasslands",36,10,0.204016606455801,12.6613398594587,1.21755808640262,0.414337031722665,0.0425617083360175,11.2472279457749,0.957046037718801,0.40162011224258,1.78302307570382,-0.0962709188885988,0.168899402532407,13.6213088035583
"P_Olsen","Grasslands",37,7,0.187459016354573,10.2594806215485,1.15277076965068,0.473136168297315,0.0502068129577428,18.1720102366177,1.02240279808321,0.273055245973907,-0.0793946612301182,0.0394068309266326,0.132677820695661,13.771281003952
"P_Olsen","Grasslands",38,7,0.14464467187132,12.1757998731721,1.22009424333213,0.397751940360884,0.149765433770164,11.5311464248803,1.08664081609493,0.458650838357982,-0.143517648062736,0.14962296151784,0.258847392969736,13.120325088501
"P_Olsen","Grasslands",39,12,0.170217131144219,13.6638431849988,1.18798070949401,0.365315066004282,0.20955840017398,7.7934971848315,0.958044536229035,0.623138243951903,1.58801002555784,-0.0939869865348657,0.447036954413038,13.6756701469421
"P_Olsen","Grasslands",40,13,0.185161412542349,8.53665661508382,1.13092010562829,0.604485521402143,0.123199417886885,20.1245467169543,1.05565745195686,0.245965008286613,-2.27045999413779,0.0989735973953771,0.156457064440007,13.2824029922485
"P_Olsen","Grasslands",41,10,0.168698803972582,10.0407095130427,1.13816484612025,0.514205128461627,0.0878005374692661,18.271354527407,1.04747071169056,0.249500096895496,-1.03240920277172,0.0848342133230088,0.157940314559977,13.6679229736328
"P_Olsen","Grasslands",42,13,0.251029262765199,9.07083217624853,1.17488019706314,0.533543169575162,0.0482978792147649,19.6707427804855,1.02254336218725,0.269241462262122,-1.35806444202825,0.0396709089941966,0.114820566583796,13.1962671279907
"P_Olsen","Grasslands",43,11,0.209212557061298,12.5096640956704,1.2317437510579,0.415119929303084,0.104847536630152,10.640842662849,1.0182296034761,0.411044401142279,0.449244633016625,0.0315167497585432,0.283387146597953,13.3910887241364
"P_Olsen","Grasslands",44,3,0.130974620533102,11.4933419617106,1.26128582971531,0.415605618967336,0.0480293061141008,13.1391335284702,1.0253782624599,0.416903282711197,-0.226258818499982,0.0449736814271287,0.110911892871402,13.3665728569031
"P_Olsen","Grasslands",45,12,0.195105395376728,10.3595787013338,1.1557546430361,0.499788125972088,0.0803616400350641,17.6257930209925,1.04158169818661,0.255740027959672,-1.03567851772419,0.0744564208658334,0.170498092696791,13.5487470626831
"P_Olsen","Grasslands",46,12,0.160245921270647,11.1372303990295,1.1133815949916,0.44140472755492,0.0841618015024582,16.9278484601056,1.04545383291908,0.310871420688934,0.0478006557671469,0.0812997504557972,0.178282490790454,12.2056427001953
"P_Olsen","Grasslands",47,10,0.187238376848827,13.3807967890982,1.18735525934582,0.35979931545799,0.127746479968007,9.04419037706807,0.999590717633575,0.625540724390859,1.1032157053543,-0.00493766452917144,0.332593129169941,12.2696127891541
"P_Olsen","Grasslands",48,7,0.180731236521959,9.99495878527608,1.17481543201737,0.478078257014845,0.0415913601945358,18.3297887075441,1.01915854897151,0.295307182006533,-1.12296313734607,0.033281456805495,0.10307201522792,12.7288494110107
"P_Olsen","Grasslands",49,11,0.17824967611424,9.58145828130342,1.14365041271649,0.517994396498571,0.115286807375347,18.646005808194,1.05854066743107,0.264140783053689,-1.59854311271305,0.103875280205036,0.169895766408857,13.3199424743652
"P_Olsen","Grasslands",50,11,0.215219376626243,11.1530810377342,1.26661546825419,0.441353423627593,0.145732337144682,13.2405552668921,1.08320146501805,0.388356656601682,-0.361055736565306,0.144214201352117,0.239017009934004,13.2220134735107
"P_Olsen","Pasture",1,9,0.335874412801473,12.5895448545755,1.189470507631,1.05590134540637,0.33145041547587,14.472745672983,1.21681726165544,0.939967104887023,2.26712882947935,0.314537996331513,0.487523152299313,9.53269839286804
"P_Olsen","Pasture",2,14,0.363843730603119,13.4940275090059,1.20753483245887,0.948544961202838,0.368424679532145,12.3745041761354,1.17899721243656,1.2018840907325,0.566254728017342,0.269855944954153,0.604298942861505,9.38611936569214
"P_Olsen","Pasture",3,10,0.356053813067316,12.0909354168385,1.20805017219953,1.12682632321615,0.42776830680682,13.7309543622188,1.33170430781163,0.888702555051547,0.140549274112461,0.42770691181536,0.598747017345807,9.37353491783142
"P_Olsen","Pasture",4,10,0.413652851559798,13.0363168755059,1.27450693348659,1.01123352369328,0.348865073239773,11.2993525751313,1.20910223107048,1.21148406370893,1.60130579407443,0.305762506299252,0.564455825682538,9.29152488708496
"P_Olsen","Pasture",5,10,0.426597875674917,9.96615809732767,1.28182831249656,1.21824140570834,0.339668666314367,17.1354272824982,1.21442045257985,0.813081167764657,-2.42317634317515,0.311829638114409,0.440224667132732,9.61389374732971
"P_Olsen","Pasture",6,10,0.385276939625147,14.2753046710337,1.21951182858627,0.938089712170768,0.347659000429114,10.6620300166089,1.03571330423564,1.25969429405825,-1.16451218670429,0.0538608791820281,0.582919911553324,9.51092076301575
"P_Olsen","Pasture",7,10,0.354782646614199,14.3685472136563,1.18770977740816,1.04152217878901,0.427222416967788,9.86251089646487,1.22242874745679,1.17607570696399,2.01336613740047,0.320816696560637,0.642479843787605,9.22460722923279
"P_Olsen","Pasture",8,12,0.414697722223698,11.6405285729818,1.26550580532737,1.23972249709477,0.157796239275655,17.9490407329626,1.006640946287,0.658541799021756,0.804864783906565,-0.00157834537063439,0.386417883005457,9.43928956985474
"P_Olsen","Pasture",9,10,0.363133307542191,13.8315597518049,1.18226514663365,0.954325075180157,0.400125645668518,11.8544402657291,1.21841990931559,1.21565912029282,-0.874791509548168,0.316340054188236,0.628843288571005,9.35796093940735
"P_Olsen","Pasture",10,16,0.420385041846213,11.6059275344349,1.24996644700005,1.07837937233936,0.233349475025329,17.311979601816,1.06884183212132,0.812856533375527,-1.1365555110566,0.111602711385358,0.473356959906195,9.3648796081543
"P_Olsen","Pasture",11,10,0.406637382876968,14.1066991140899,1.22248808003978,1.12217134015347,0.233885480987617,11.464687244736,0.965023279608351,0.707915399412789,1.51609967277633,-0.0898294256441388,0.47898168068793,9.30814790725708
"P_Olsen","Pasture",12,3,0.271065115996185,14.1756830559706,1.17645908367145,0.839838588588198,0.186182030652401,12.4562510883646,1.0858674975636,1.14962514992784,1.42112028536691,0.139243239959196,0.383570005026341,9.4243311882019
"P_Olsen","Pasture",13,10,0.412594884919043,13.1268008259147,1.26069834583487,1.04839420758417,0.349234038172929,11.6339788189255,1.1875950927213,1.15327316723095,0.771981176204739,0.280389782264063,0.581874114002864,9.56779885292053
"P_Olsen","Pasture",14,14,0.413605707799166,12.3214502755613,1.32874472591475,1.12374431096499,0.187772739723267,16.1251374138284,0.891401312972608,0.806843992463755,2.90501985456585,-0.277284291597791,0.423956058802524,7.9611918926239
"P_Olsen","Pasture",15,10,0.363917829934748,12.9065298982782,1.20774540049214,0.940701067265162,0.465627350398336,11.8499187436128,1.37270320738638,1.27752410607539,-1.05184687138429,0.461382061769306,0.633173095614425,8.20054054260254
"P_Olsen","Pasture",16,10,0.311274373708721,11.7967787824041,1.16287100973512,1.13801160025348,0.475532534389296,15.086239663177,1.3073066050674,0.8295029430392,-1.70095820987189,0.406146665818659,0.505975454251956,8.06873488426208
"P_Olsen","Pasture",17,16,0.485052443085966,10.404846785763,1.32790162643834,1.33920419367119,0.355131838114972,15.803992663325,1.24703594082958,0.67251338484005,0.928855873683016,0.347356271482627,0.550368548862907,8.04616189002991
"P_Olsen","Pasture",18,10,0.394276511614796,13.9154431636407,1.23636793592829,0.997743757545378,0.326328803931493,10.9560650909287,1.05390185195422,1.12093345768531,1.03269408031399,0.0862365665766832,0.568338131872462,8.00989818572998
"P_Olsen","Pasture",19,10,0.3575638920624,11.3040391397883,1.2039675484009,1.25973278877612,0.419245637977877,15.4992938791936,1.29323218216749,0.68828730090219,0.108561581907003,0.393150353959447,0.509128011462076,8.2717809677124
"P_Olsen","Pasture",20,11,0.429472457863558,12.8440711324091,1.26576897795952,1.06123356134383,0.248933653696062,13.7293518634695,1.07015781089247,0.955372682952371,0.185229789830392,0.113786301746796,0.493795634363729,8.05481934547424
"P_Olsen","Pasture",21,10,0.403931343744414,14.1120788304303,1.23933722689967,1.05661056951064,0.260167570158537,10.5078156591045,0.975193302319432,1.04221526198085,0.856104646710372,-0.0672168910255913,0.507060102034092,7.96841979026794
"P_Olsen","Pasture",22,8,0.31718949493116,12.180251184987,1.16718327009615,1.10941947294615,0.275573977392264,16.2724022921192,1.16823113393641,0.82307921470738,-2.2670839268565,0.256336343647394,0.391530253080223,8.23419666290283
"P_Olsen","Pasture",23,9,0.387673466978072,12.5421504412596,1.23385897079282,1.15317497726869,0.311357488366524,13.9000011921773,1.18438134768135,0.846615553286631,2.906389156128,0.276479248921214,0.486959318330205,8.06312203407288
"P_Olsen","Pasture",24,16,0.428442215298078,11.6032846721276,1.24627986169346,1.13579719643158,0.510136572487094,12.9105231201123,1.43578773387848,1.11251998980774,-0.490070855474808,0.507673024238751,0.661116681286583,8.14199590682983
"P_Olsen","Pasture",25,10,0.399246197788214,13.7448906795197,1.24219071368008,0.958779426280636,0.354963823633259,10.1139028979377,1.20035407861261,1.43157113738479,-0.566127355187396,0.295606458907839,0.585462372617713,7.94249081611633
"P_Olsen","Pasture",26,10,0.341516667121974,14.3012788502,1.17511293609135,0.918702039700195,0.47074575536103,9.57596800178989,1.3734920439308,1.4328399277687,0.403330079618137,0.462000572089935,0.663884373635724,8.01718544960022
"P_Olsen","Pasture",27,15,0.458444811674001,10.6721977099127,1.29532332687932,1.27362221629149,0.165178976874307,18.143916949982,1.08552812188893,0.723509528630916,-0.277928969255779,0.138704947926148,0.349182778631654,8.03333806991577
"P_Olsen","Pasture",28,10,0.355698628910167,13.9224360250625,1.19790206247251,0.930312466631851,0.431703227586246,11.1997524966676,1.20594486152373,1.26459900379175,3.42830466851138,0.302122482846654,0.631895015073442,9.10718274116516
"P_Olsen","Pasture",29,10,0.35645375679549,13.6125158544087,1.19876034295762,0.851827749845706,0.34907781668115,12.0615159497476,1.20476055109951,1.34330614969995,-1.01677646911923,0.300749745575779,0.574551067234112,9.33944129943848
"P_Olsen","Pasture",30,14,0.445135049249227,11.3038732318199,1.28935793503339,1.1763549650016,0.388326726302793,14.4853681421774,1.26967593900332,0.943994247559702,0.979408617115287,0.370423758060422,0.596182253294999,9.35210752487183
"P_Olsen","Pasture",31,16,0.410236275391081,13.977853609597,1.24912417507754,1.07118316718669,0.417869595866745,11.5141487544565,0.883285657488674,0.894825928491863,1.67268471746441,-0.300863573646841,0.59501386632351,9.29375004768372
"P_Olsen","Pasture",32,10,0.392123505779446,13.5815274196375,1.25869731295006,1.0291091140302,0.259210053441486,13.6570050341039,0.888481195347333,0.955419009688906,3.35689208209574,-0.285694035506651,0.485971184963999,9.1924159526825
"P_Olsen","Pasture",33,16,0.461780291408515,13.0005686907714,1.30603650058836,1.11452939441684,0.204417453439982,13.9318396469254,0.880408889797037,0.809516812626317,-0.220978523385333,-0.309378699662255,0.446625954582229,9.41930723190308
"P_Olsen","Pasture",34,10,0.41662618695619,14.1137571985105,1.23732162063652,1.07454322663284,0.283491698831383,11.5914274447999,0.88697862618876,0.924623505261914,4.37895449648959,-0.290053735841856,0.488918252580381,9.21372866630554
"P_Olsen","Pasture",35,10,0.420669415270388,13.3627224423191,1.25461290528349,1.06315177624347,0.351125378521601,11.5655436216962,1.12008512432123,0.800457306877743,3.57253489628102,0.191030680618153,0.563644367744212,9.35675597190857
"P_Olsen","Pasture",36,16,0.53358977293351,10.7226695617547,1.48239805606282,1.33098689349749,0.130964039352079,16.9216684079386,0.921118227471352,0.715264987956021,-0.0659681535033362,-0.196198785747145,0.361040334647347,9.29853296279907
"P_Olsen","Pasture",37,10,0.390508131966116,13.3823534276578,1.24705862651005,1.05330276742415,0.336871091040609,12.0733731638729,1.10336152678446,1.01002766455437,1.62550153003067,0.16632181546909,0.575818033570101,9.28979420661926
"P_Olsen","Pasture",38,10,0.338842859268207,14.0095716957353,1.18268008579165,0.840578042338355,0.471470285249165,10.5798526634707,1.30447072482066,1.76552625250571,-1.78982810438434,0.403561820492634,0.677521512139448,8.06478047370911
"P_Olsen","Pasture",39,10,0.353275277750812,13.5886242961876,1.19284065428808,1.00027403832288,0.365576563400678,11.8116064856675,1.25393579957585,0.984057157178747,-1.00015285692027,0.354518935012112,0.561995366275895,7.98381042480469
"P_Olsen","Pasture",40,4,0.25983463885934,13.2690389690385,1.17182904657882,0.933343238262973,0.23900130267526,14.1698668076929,1.15087748344714,1.28656535360675,-0.568277388616774,0.233740409160373,0.351843473748265,8.00943851470947
"P_Olsen","Pasture",41,16,0.501682892096285,11.9993133895071,1.37469685494733,1.08173284409344,0.148091760201641,14.8307676621764,0.947758263194246,0.951303185807553,-0.139064702442622,-0.129897247907876,0.383178728740832,8.18348240852356
"P_Olsen","Pasture",42,16,0.483259149003165,12.2197214757998,1.3613568878271,1.12300372616323,0.1337316311408,14.7255628384436,0.927533951586608,0.900654674154501,-0.336476610613747,-0.179707876048054,0.364465612939699,8.02122521400452
"P_Olsen","Pasture",43,10,0.37560017515492,13.8578453754606,1.20472412230558,0.82509803221267,0.408822045399975,10.3854923505616,1.29276846880201,1.48091311714926,-1.29609352374747,0.392714924463655,0.60292934369807,8.06579089164734
"P_Olsen","Pasture",44,10,0.411206081749606,12.2498601923339,1.24519909956137,1.12968242353168,0.348794978941082,13.753325221504,1.23902244634525,0.84685919677004,1.50045912161578,0.338886901853527,0.531847448250943,7.94687485694885
"P_Olsen","Pasture",45,10,0.361074690226585,14.1281187375868,1.20271524733856,0.948938259156362,0.429688877428375,9.78668395998215,1.27741836381038,1.25604120356436,1.93929235931094,0.378032345592123,0.633775085802125,8.06357955932617
"P_Olsen","Pasture",46,16,0.35042030402979,13.7368474545378,1.19494360284136,0.9492973255441,0.419972129381617,11.7695993307661,1.21220372850311,1.20707847401933,1.10658664246471,0.309310459894412,0.645781113346098,8.02227187156677
"P_Olsen","Pasture",47,10,0.356472219605768,10.0060048725211,1.20472819547758,1.20410965750053,0.425358103767693,17.6785726157618,1.22703107301143,0.844794308319015,-5.05680104457883,0.325902078020418,0.461135936325522,8.01823043823242
"P_Olsen","Pasture",48,10,0.352144980796666,13.9315408681116,1.18756808468041,0.94339217925874,0.471050807384583,10.6706643747291,1.30427837570044,1.33613844923896,1.37843318755451,0.403385887469824,0.680746483806206,8.05099534988403
"P_Olsen","Pasture",49,10,0.469719864581145,11.6599039759082,1.38610711444779,1.12164842240747,0.0786278568209473,17.1536506571411,0.870581001989952,0.810370181708991,0.346847247347709,-0.339108413534409,0.279505902226973,8.00524616241455
"P_Olsen","Pasture",50,10,0.383291598413171,12.1591483690879,1.20727656144953,1.08315792769522,0.348033389147266,14.5759561301022,1.2465912118815,1.00536199952855,0.365355447418655,0.346890519229244,0.527115018960374,7.80792832374573
"P_Olsen","Shrublands",1,30,0.450007090571365,7.08248563578635,1.29106371066892,0.919370950376386,0.53038823322738,6.79813084089075,1.22690771965129,0.81396294135977,1.33588247453276,0.332503165360463,0.713870334475161,11.1287701129913
"P_Olsen","Shrublands",2,14,0.459061122748892,6.43329718660271,1.36977460260214,0.894479694173558,0.344207121133106,7.53151119582789,1.21201562212329,0.89959049370506,-0.274017284692472,0.315999257242083,0.563302686268809,10.6106028556824
"P_Olsen","Shrublands",3,30,0.476272516389472,6.81719753471744,1.36756053759089,0.926414236618092,0.361805851757972,6.27586159370061,1.24762565588297,0.922157386454957,0.234797747161932,0.354487859329111,0.559521224215187,10.4820880889893
"P_Olsen","Shrublands",4,30,0.470705379362612,7.2394403249127,1.35632369385485,0.83187267312306,0.370198750769775,5.82071147436843,1.07500939299458,1.13644563970039,0.49918971114158,0.130542234485636,0.604363928979535,10.62863945961
"P_Olsen","Shrublands",5,15,0.389630460875873,7.15351765507213,1.26314647574277,0.815869612184685,0.478302187931247,6.21366732505688,1.38430710870855,1.0822300017387,-0.224640793033676,0.475665890928592,0.659973761510895,12.1656949520111
"P_Olsen","Shrublands",6,30,0.453501856963764,6.82750147987067,1.33437468351882,0.876823383729739,0.427873528622518,6.51678416515366,1.29272342834737,0.980716705975071,0.762326940772173,0.398740752177965,0.634765423534327,12.4377691745758
"P_Olsen","Shrublands",7,30,0.444867144228811,6.76860876749378,1.30173383758284,0.902069400040207,0.439718685560511,7.21138101816808,1.26759114855216,0.858779533267987,0.23410068917687,0.374662298763107,0.660388535861138,12.1295411586761
"P_Olsen","Shrublands",8,14,0.394282412562595,7.11135327663206,1.28042336125753,0.853703277539211,0.451544352192411,6.24315162106751,1.35135923043117,1.02650687328721,0.19236470536048,0.449786320387624,0.633325072882783,12.1614227294922
"P_Olsen","Shrublands",9,14,0.389045309621514,6.37902280252315,1.27795466199728,0.911085213193029,0.454175388717382,7.70830076610191,1.35545209508796,0.87609650037243,-0.0643872168886135,0.453104106660418,0.612659116362074,11.9569203853607
"P_Olsen","Shrublands",10,29,0.459352147594949,6.79116824274439,1.33171324386528,0.946988680021436,0.396308017153705,7.29811794922199,1.17271210246906,0.652723884862374,0.535195713850221,0.269382291385234,0.628151954855155,12.3299958705902
"P_Olsen","Shrublands",11,29,0.483392248242152,6.76746132708226,1.35765366658751,0.921167624564428,0.353823409765029,6.83573394845972,1.19890274391463,0.823471677283224,0.0120295206738812,0.300955053794279,0.583957882444801,11.9850885868073
"P_Olsen","Shrublands",12,14,0.411935305507412,6.86139227486216,1.27905114200165,0.933215802783792,0.386384934239613,7.22631648914646,1.27523023095175,0.780399500003923,0.211492423855806,0.382131849169003,0.578679969788642,11.7242259979248
"P_Olsen","Shrublands",13,14,0.419587810712028,6.83675757789263,1.30085749767226,0.890219282409604,0.393461425986037,6.95765285220379,1.28624900762126,0.89597101672376,-0.181301148444806,0.392672560620596,0.571880970203699,12.0729546546936
"P_Olsen","Shrublands",14,30,0.469554597535045,6.9844833176886,1.35424777498462,0.831454509354004,0.389620839599898,6.33561569761436,1.17977878137747,1.04884053770846,0.990260003084144,0.278108635602708,0.616782998000472,11.8582668304443
"P_Olsen","Shrublands",15,14,0.41947565701485,6.74885439489822,1.30851963251323,0.884718927928515,0.379090738945568,7.17402410689506,1.26785677675897,0.860157483868664,0.578038476426992,0.374924299857761,0.552269953451664,10.9414992332458
"P_Olsen","Shrublands",16,30,0.452602232570734,5.63239317934107,1.31723301400903,1.14157840997035,0.470750316647471,8.57414984108997,1.36030512803296,0.568250061557196,-0.977679063191336,0.456999364179877,0.604315729422805,11.0663189888
"P_Olsen","Shrublands",17,15,0.402379831887747,6.87201638079014,1.28380188473798,0.821960995435015,0.483108590370044,6.55016495970994,1.39162248176237,1.08291408974135,-0.368832594847518,0.481163959634472,0.65620146919215,11.0089514255524
"P_Olsen","Shrublands",18,30,0.483408901471244,6.61103556830885,1.3851494027666,0.928135318075382,0.351942905568336,6.92631759199129,1.19877285506123,0.895696980048009,-0.110387638566563,0.30080356043136,0.581552859553524,11.1690747737885
"P_Olsen","Shrublands",19,30,0.456602242937143,7.1871920984752,1.32678146211483,0.938369092212079,0.437421168275404,6.16049982506436,1.1694115554415,0.844649305699093,0.0210337367241452,0.265252280669124,0.659591747497733,12.0016648769379
"P_Olsen","Shrublands",20,30,0.42805324488557,6.68410285193617,1.28517673995,0.896573498007153,0.53099450146465,6.67661648315819,1.43678093888904,0.985036113215397,-0.690819293389815,0.513265765940416,0.715666567684959,12.0787470340729
"P_Olsen","Shrublands",21,14,0.420742083353739,6.50316154817232,1.30573114406635,0.969701990837411,0.351614836942719,7.89994645078319,1.24344074732164,0.700883801490968,-0.0338467668374901,0.350135492391894,0.503034224878551,11.4768648147583
"P_Olsen","Shrublands",22,30,0.405882366442495,6.81164442814837,1.29029249096643,0.899154270250848,0.500913520881207,6.5557189096261,1.40187220056441,0.933999037238957,-0.0645903033790545,0.488723111816036,0.693675982353579,12.3775832653046
"P_Olsen","Shrublands",23,30,0.451381784473651,6.26458959406963,1.30888806011967,1.02508699150526,0.476586485314838,7.4998555293987,1.38458682891634,0.701007526663852,-0.234147408136204,0.475877726008554,0.640489247331583,12.4794285297394
"P_Olsen","Shrublands",24,30,0.447899976768306,6.54422841792881,1.31646016265457,0.919190543306833,0.420893291980298,7.48414713121108,1.27487139387264,0.915056429267684,0.0296062412994046,0.381783978463893,0.639854011930358,12.5524733066559
"P_Olsen","Shrublands",25,14,0.41730382435051,7.21191371449265,1.31489113107116,0.839805884370051,0.354587695815728,6.30676586418603,1.17343362172563,0.995498256983463,-0.402522731186398,0.270280497586422,0.589714173643257,12.4280951023102
"P_Olsen","Shrublands",26,16,0.46020631719568,7.11826117847446,1.35344680742675,0.846884122941378,0.28593869121879,6.65287808394688,1.03849515384861,0.944340031596191,0.15868160691188,0.0683258192712908,0.534591333363283,12.3057789802551
"P_Olsen","Shrublands",27,22,0.395343718421407,6.80456698038074,1.29248424461023,0.893373794765682,0.376624851102987,7.35526984681382,1.24668699603988,0.834025219707929,-0.303367500728115,0.353515450968556,0.591306920253416,12.4598417282104
"P_Olsen","Shrublands",28,13,0.398334061955265,6.94032079547857,1.28441113605443,0.877680139651234,0.394584763169153,6.9415975351311,1.2824478953306,0.877673567815818,0.10065759903384,0.389067048112708,0.590618533173031,12.2665028572083
"P_Olsen","Shrublands",29,30,0.46826040560491,6.68286841284983,1.32262651071427,0.925817765333131,0.410497082131808,7.13792843835862,1.27133755782446,0.837962908517953,-0.324658439451963,0.378342389986464,0.627258329802596,11.2417042255402
"P_Olsen","Shrublands",30,30,0.415911177693478,7.13403711375445,1.28955291735102,0.887424816278844,0.529352557729307,5.65405645590662,1.44847180949116,1.02668361118605,-0.168533501153755,0.521091093317327,0.712613631556795,12.5473642349243
"P_Olsen","Shrublands",31,29,0.444439737001095,6.49435660802499,1.34234489396671,0.970242177987858,0.449245807887944,6.9302424630497,1.34881433852945,0.818136876917424,0.0616936641883225,0.447708116958089,0.632441667092329,11.9218535423279
"P_Olsen","Shrublands",32,21,0.420626700413801,7.45278958343804,1.29518960540001,0.829012342402644,0.304240994123909,6.5341912221348,1.04519230003155,0.886696322166568,1.05486134448876,0.0802271085748734,0.545070688309388,12.3680589199066
"P_Olsen","Shrublands",33,29,0.438084267756375,6.8511510719255,1.28710406337608,0.936936608550937,0.502475420844745,6.56141302982897,1.39056174396405,0.846827211568608,0.176539791727038,0.480372108559801,0.700253048640981,11.9992275238037
"P_Olsen","Shrublands",34,30,0.445600741750304,7.04233350583407,1.33768610615044,0.89604732504821,0.462144078215067,6.18255720805544,1.22698061857768,0.966298090572626,-0.368983189548695,0.332582479338787,0.67860252818401,12.5336127281189
"P_Olsen","Shrublands",35,14,0.378881011949057,7.42589269306612,1.25365199472973,0.885394574330332,0.506321622179846,5.5746875126746,1.40610014289425,0.840339878127523,0.127809201243415,0.491793162442955,0.699428861867016,12.0182106494904
"P_Olsen","Shrublands",36,30,0.453773169598641,6.92038064652282,1.35015834150646,0.881581871954603,0.323344996539872,6.69443089212433,1.16170087646261,0.898018744516804,0.164461239099033,0.255466275168772,0.558544440314987,12.1562912464142
"P_Olsen","Shrublands",37,30,0.400129109888471,5.82022308072818,1.25037233095056,1.03321795687041,0.540599002296271,8.22506581984041,1.43970482657411,0.793874416086642,-0.753455096972057,0.515240769520314,0.641298116765014,12.0444860458374
"P_Olsen","Shrublands",38,30,0.422977376671852,7.39853193632652,1.28951717057423,0.82227803466381,0.513461937751392,5.54147657688228,1.30417315200893,1.16605102635576,0.393478689789588,0.40925167670953,0.715121395837073,12.0126051902771
"P_Olsen","Shrublands",39,24,0.420444168254903,7.12867021989727,1.30346712510028,0.837070346352197,0.414401777352379,6.48722838105721,1.22421340783559,1.0180822089269,0.455468032550652,0.329561809463413,0.640881885758012,12.200347661972
"P_Olsen","Shrublands",40,30,0.446259147569647,6.68818687267552,1.36029245595502,0.893160813045633,0.371428793723801,6.85499931298607,1.2338322884524,0.903676986993243,-0.166482267338201,0.339974452249246,0.592002653221396,12.1584277153015
"P_Olsen","Shrublands",41,29,0.482433206019087,6.05916578339956,1.3395081953231,1.10357074538541,0.340996488421927,8.54443565634029,1.23327865403482,0.525690426572171,-0.0925845533854408,0.339381731572936,0.524187871460551,11.9747109413147
"P_Olsen","Shrublands",42,15,0.40230333687064,6.50785792475985,1.29281562797045,0.967187436752819,0.442687165360278,7.4920004980875,1.33148826055932,0.736571166994542,-0.604894661993759,0.433241130696547,0.580563765644194,11.9546427726746
"P_Olsen","Shrublands",43,28,0.455726093981495,5.78972340999852,1.34088944280943,1.04750799313253,0.356400191807794,8.94371069597588,1.24356666145817,0.701719978243908,-0.868526624871068,0.35026708644033,0.524163607595828,12.1919682025909
"P_Olsen","Shrublands",44,30,0.469410733590036,6.96887357310421,1.36278833471352,0.90744504957106,0.35448373611111,6.53546543915734,1.12110477655864,0.790296482795868,0.219174690438446,0.200569703827926,0.595060999870645,12.0829632282257
"P_Olsen","Shrublands",45,30,0.462611024861544,5.83142259646325,1.34697051845509,1.04035231963457,0.49598486784402,7.82030003474566,1.40443221589588,0.814474559377587,0.227075593836693,0.49058533590886,0.636674581923605,12.0717022418976
"P_Olsen","Shrublands",46,30,0.4502810145836,7.10134247446144,1.34675677650437,0.905567682889101,0.382877228132665,6.06566127172643,1.17440267471376,0.877027674591178,0.691265592807185,0.2714842501564,0.614429269109288,11.7071676254272
"P_Olsen","Shrublands",47,14,0.339317056653146,6.34156848537437,1.23356364412822,0.931930513504675,0.53764866222152,7.90484324449694,1.3923496247899,0.833257544934299,-0.893319380208072,0.481705733754892,0.591232838654191,10.6888394355774
"P_Olsen","Shrublands",48,30,0.457566397531305,7.07925122249446,1.32982695876293,0.856795490704843,0.392043727461841,6.11680095862982,1.24331308973167,1.01270312977253,-0.422665273189718,0.350002035426771,0.613376248566318,10.8238980770111
"P_Olsen","Shrublands",49,29,0.474201695885287,6.16637404998619,1.35094262052861,1.01610791029033,0.399883352023621,7.93797385753717,1.27748280111806,0.708376117245694,0.167066735433841,0.384308887165149,0.608315758633267,10.6991631984711
"P_Olsen","Shrublands",50,14,0.38981730943542,7.03324694615036,1.28494453461934,0.857358250914327,0.426958717019243,6.58339731404948,1.30742636966124,0.984708854069213,-0.364147055592482,0.412187890797508,0.630443695723774,10.660893201828
"P_Olsen","Wetlands",1,7,0.228677889316891,17.3218595075744,1.23264216116132,0.924589546405035,0.149773637739123,22.8399086517414,1.08495650789149,0.666753086984826,-1.23030212035615,0.145358997667381,0.280750702997366,10.1247696876526
"P_Olsen","Wetlands",2,7,0.263175050860175,18.6675723462328,1.2203589257415,0.901567732688949,0.101268694711125,20.9101124181506,1.0268389909868,0.668035485446493,2.23088472280343,0.0458785037968811,0.260936460534268,9.64454436302185
"P_Olsen","Wetlands",3,14,0.314692258202597,16.2862255847933,1.26916283710965,0.972879905015823,0.181789811762081,23.6206265868032,1.10444730154198,0.650808713456763,-2.07461211333257,0.175257478421901,0.31240580636701,9.57006621360779
"P_Olsen","Wetlands",4,14,0.295419366346615,15.8315900724677,1.22231039932823,0.967484482284381,0.155444721817859,26.1041846674296,1.08377295760459,0.670695195925611,-3.08258630556594,0.143491331725053,0.264786857024022,9.88171648979187
"P_Olsen","Wetlands",5,15,0.293200512576954,17.2017358758115,1.24355481750902,0.921280124832308,0.172526551702859,22.6128035569509,1.09328957118647,0.673277323249912,-0.62055813380766,0.158337510636729,0.34421172612882,9.70874667167664
"P_Olsen","Wetlands",6,15,0.302888854520514,12.7566177465439,1.17878643775429,1.24275228865387,0.171849606294613,30.9567513351805,1.08849723793056,0.50959191192883,-4.42955896460471,0.150910011118841,0.257393341835392,9.76481699943542
"P_Olsen","Wetlands",7,14,0.304053774343331,16.8373831825517,1.22063880636131,0.878003632733123,0.178101983683069,23.82202293786,1.10398823601454,0.745701286424661,-0.111608592344444,0.174571439266442,0.329821819442391,10.0541126728058
"P_Olsen","Wetlands",8,7,0.228979860143805,17.0226702456492,1.22406181046798,0.865839203679993,0.150940363630581,23.727324905366,1.08141006457646,0.736037388102291,-2.60715193340569,0.139744280570569,0.245420056989889,9.6336727142334
"P_Olsen","Wetlands",9,14,0.261919150671977,17.1045489154127,1.19226186268347,0.934647487873507,0.199563005699577,23.7803727820856,1.11945003748812,0.635518628681253,-1.28535274926121,0.197215547984138,0.332801516732556,9.87095880508423
"P_Olsen","Wetlands",10,12,0.292518431249362,16.6036554520595,1.2691096354836,0.950462885752219,0.165871177044577,23.2349665626798,1.08802161833606,0.699107134765188,-2.32387748228955,0.150167503621033,0.320529540144329,9.78958892822266
"P_Olsen","Wetlands",11,7,0.208149268464701,20.1333889413054,1.21015368151097,0.832998577581375,0.184004087853468,15.8283885987976,1.06955717734588,0.801530498244385,2.19617768167539,0.120571835387655,0.386090061154444,9.90255999565125
"P_Olsen","Wetlands",12,7,0.194647476835158,20.6185182289917,1.21038441933237,0.763113604976521,0.291844397194061,12.832039788363,1.15795262158556,1.24660802676959,2.05326342998041,0.249714069593263,0.499029336105294,9.82404255867004
"P_Olsen","Wetlands",13,14,0.309341749339678,14.2653444077646,1.2013598142066,1.07367583369829,0.161445760912466,28.7771624761339,1.08986025006263,0.619648999959208,-2.56275686630307,0.153032478226639,0.254939648827159,10.0565435886383
"P_Olsen","Wetlands",14,14,0.279153283708483,20.5489794404246,1.21409466252402,0.763160261582118,0.239832561344494,16.3241800346193,0.915940963065346,0.995995560911441,3.7619107207521,-0.199149743334347,0.473869712578969,9.71549439430237
"P_Olsen","Wetlands",15,15,0.307469014459712,15.8818313596395,1.23288390890672,0.918539349754882,0.150948186066874,25.8047343742248,1.08063277250823,0.761587451937891,-2.02061229806734,0.138506282891183,0.299115784126605,9.74993968009949
"P_Olsen","Wetlands",16,7,0.22935606120333,20.0340182902139,1.23462266001231,0.796633329809623,0.243342162914368,14.2616925079404,1.10850997405363,1.06754561855286,0.0393136338137559,0.181291738451475,0.472189392632624,9.66679430007935
"P_Olsen","Wetlands",17,16,0.285539745735809,16.9312171540819,1.19780664770978,0.882099698685827,0.185548707504129,24.1878810608814,1.10741856763573,0.751071278392421,-0.803109480676828,0.179677202107168,0.344863560024553,10.0215542316437
"P_Olsen","Wetlands",18,7,0.225098818278598,18.7092091391232,1.2435536624083,0.848382073874442,0.181442754011788,18.41951294315,1.10607981213847,0.803334862635596,0.424509828112311,0.177690227461687,0.333758856532562,9.65912175178528
"P_Olsen","Wetlands",19,7,0.208581734973093,20.076518185064,1.21544676191588,0.78574172471479,0.220496224821571,15.0269140208519,1.11982321784817,0.952795446232831,1.90523306120189,0.197750513625299,0.399737374061913,9.83046269416809
"P_Olsen","Wetlands",20,15,0.296423364478817,18.5466311363335,1.22842552144917,0.86274948438767,0.128042298943582,21.3359361555907,1.01268706965753,0.721326132013536,0.570330649144655,0.0190251944043637,0.333846329683158,9.70237040519714
"P_Olsen","Wetlands",21,14,0.278025068823502,20.3501511962605,1.22726097868859,0.733408221691373,0.274831953180882,14.5630600207081,1.02044709012614,1.15628580985421,1.53146840228201,0.0338881703307568,0.52148201050824,9.75406074523926
"P_Olsen","Wetlands",22,7,0.175654332862824,20.5029385458139,1.19351164201985,0.769342364742178,0.287535104816431,14.2026234588581,1.17639501213544,1.1278568882997,0.27359832344976,0.273054195822592,0.491598076284062,9.70962619781494
"P_Olsen","Wetlands",23,7,0.221931715727383,21.2156528484668,1.20224220344168,0.791575717464366,0.239364160369261,12.3163438173465,0.966463435399146,1.07708228161968,3.79966866821779,-0.0770541226869583,0.463850971601198,9.75250935554504
"P_Olsen","Wetlands",24,7,0.232132262585187,17.2216337665005,1.23137763373817,0.870896928442099,0.15845745830368,23.082108943152,1.08204425038813,0.754686213590898,-3.00118203548559,0.140752376301623,0.240479526323521,9.65041351318359
"P_Olsen","Wetlands",25,14,0.315737057016775,20.201714020894,1.24687604898466,0.81328539910065,0.169474999578457,17.8544720984045,0.773250523055145,0.805397282022411,3.33019272645959,-0.682549842248785,0.389306188709181,9.88690948486328
"P_Olsen","Wetlands",26,6,0.23148554144864,16.2109724495121,1.20049673611549,0.949179802317359,0.127342314114557,26.3384273522996,1.07024885016225,0.609964485924301,-1.49155389891585,0.12170816923934,0.197978412031356,9.73100423812866
"P_Olsen","Wetlands",27,14,0.287134457093299,19.1750786857396,1.23416371790316,0.828730625330784,0.171720637727718,18.8712129908162,1.02091970354103,0.815225314741923,0.573378244670988,0.0347824458027638,0.402103552738007,9.78890633583069
"P_Olsen","Wetlands",28,7,0.201076065833664,20.9763624240098,1.19698928375042,0.764348511715653,0.305333155321516,12.8064554623948,1.11246325904952,1.14129651587972,3.10422224345856,0.187100175252324,0.526629221633551,9.66666984558105
"P_Olsen","Wetlands",29,7,0.230308266206902,20.4996705412027,1.22106170648906,0.767994226705086,0.179774917095812,13.7379378979034,1.05892544800678,1.17476863121233,0.951973237972965,0.102824072379012,0.395962205726111,9.66851687431335
"P_Olsen","Wetlands",30,7,0.210969665394675,20.5547954202606,1.20357046338721,0.771004830064083,0.233178133664266,14.3548209872345,1.09278768312612,1.10180408826171,1.65356409641362,0.157564227108831,0.457892391963146,9.66922426223755
"P_Olsen","Wetlands",31,7,0.262579417364822,16.7542004499197,1.21095246059834,0.945894993459743,0.0852239650668671,25.6841859757962,1.04383766630996,0.611438322974266,0.217335665374234,0.0767008091763597,0.195340265313683,9.83102560043335
"P_Olsen","Wetlands",32,7,0.228016166671551,17.4701286644883,1.22349387777411,0.891801319796197,0.177642996392278,22.4149132365461,1.10099430717049,0.686355411580017,-1.72909750104555,0.17007616726878,0.273275265847789,9.77244138717651
"P_Olsen","Wetlands",33,14,0.288372129476766,20.5759186929764,1.2259126395143,0.79751968647706,0.207182858487303,14.2834378921754,0.959876196853704,0.994058902848458,1.8737029437936,-0.0918876123739407,0.450842984019162,10.1550669670105
"P_Olsen","Wetlands",34,14,0.289924491095373,15.0890294715903,1.18189783384183,1.01473030978091,0.157042582550559,28.0766435501374,1.08871466595475,0.598101447561307,-1.88305326481272,0.151249122053082,0.247304470941848,10.0158364772797
"P_Olsen","Wetlands",35,7,0.213712919924108,18.7293219647944,1.20348456597825,0.835426460146911,0.174835477365278,20.1842792555917,1.09836600461366,0.807226358874631,2.06096554573169,0.166099531520234,0.29221851044616,10.120879650116
"P_Olsen","Wetlands",36,7,0.223093503811676,19.415696994541,1.23405642076763,0.812388392723415,0.175123864063322,16.8219869086117,1.08634545321826,0.967189309347926,2.09103474549812,0.14754300050459,0.345880660287228,10.2253062725067
"P_Olsen","Wetlands",37,14,0.294629200582681,17.1134583423609,1.24867360788907,0.882453005575063,0.151931444895403,22.8815917158082,1.079563589924,0.763313469050906,-2.26381289074568,0.136799018574724,0.298675511327399,10.3623213768005
"P_Olsen","Wetlands",38,14,0.339966637665511,16.9154947444202,1.25094457997707,0.957778391633755,0.121092766553311,23.7827970292414,1.0589876291811,0.605612297506093,-0.362603834674508,0.102929429256389,0.272161461614234,10.4438533782959
"P_Olsen","Wetlands",39,7,0.22141748697833,18.4215946581839,1.20769729440408,0.872477054686456,0.179650140060046,20.6749550512868,1.10686426818825,0.707385750717254,-0.0199799920380014,0.178855388013125,0.290010329909706,11.1477007865906
"P_Olsen","Wetlands",40,7,0.24000877341909,18.3014520320167,1.22785991939121,0.823001150326772,0.118599967464507,21.115200531048,1.05900083783567,0.790041800714647,0.192283868712557,0.102951806993916,0.26483686096111,11.2536447048187
"P_Olsen","Wetlands",41,12,0.293812994996293,18.7315452858818,1.25884170141076,0.791110651782109,0.142760823864371,18.9272767555991,1.03076425390613,0.962779143312802,-1.03718435448183,0.0531314652618997,0.349238806167472,11.2984035015106
"P_Olsen","Wetlands",42,14,0.337980323554049,12.978830670627,1.21254185917596,1.21398574531514,0.153917888489829,30.7586778623518,1.07205251496278,0.528614723713512,-5.1325736011574,0.124661031013206,0.224253600328121,11.7684757709503
"P_Olsen","Wetlands",43,7,0.213525923080627,19.3229376616057,1.23296578847462,0.795840510604957,0.232342370183222,16.4595324214539,1.14225411015281,1.00841119146044,-0.224204432667809,0.228949320520728,0.40260790844499,11.5093231201172
"P_Olsen","Wetlands",44,7,0.226198151974215,20.3896482849866,1.21305789497269,0.784078659746753,0.222593677415486,14.6232773803748,1.06222701606178,0.947690055349601,3.86072445242425,0.108392531892277,0.425642121009772,11.5929937362671
"P_Olsen","Wetlands",45,7,0.228961350505223,19.9692956905481,1.22308871320015,0.800064510165078,0.197881149466343,15.2613139328904,1.10616889472681,0.939327754676821,0.324775268436291,0.177822667514296,0.38770016972274,11.2264614105225
"P_Olsen","Wetlands",46,7,0.2324098074119,17.8358107105409,1.23228728659343,0.869415221806296,0.177468332552953,21.2532628914448,1.1038802022811,0.823540732987666,-1.25226468370593,0.174409866493349,0.293673808102659,11.3050029277802
"P_Olsen","Wetlands",47,9,0.213307961339861,20.2382484300698,1.21469095977822,0.739495208872106,0.225270819096258,15.0916912681132,1.08333248343734,1.09421446918219,1.42912827356855,0.142794691228039,0.45309789864755,11.2471966743469
"P_Olsen","Wetlands",48,14,0.322311533706891,16.519178828971,1.28736633906333,0.94841229168871,0.159796846633593,22.92720438414,1.0888160933692,0.702575023108479,-1.76697916798681,0.151407243517185,0.301263974102376,11.2133769989014
"P_Olsen","Wetlands",49,7,0.244131481435371,19.8248413458913,1.23710991485393,0.79399152812198,0.177349567471671,15.4782658360661,1.0648628986264,1.04106713702079,2.57851564902808,0.112801106670004,0.370906962750161,10.4621124267578
"P_Olsen","Wetlands",50,7,0.253328715764094,16.2157713948461,1.25803914711071,0.926444256594222,0.132927397971771,24.6337498814461,1.07188601672433,0.688289679062237,-2.43240485367763,0.124389073522698,0.232426839629137,9.98948001861572
